profession	learnSkill	name	spellId	recipeItemId	band	sourceKind	npcName	zone	x	y	faction	bossDrop	worldDrop	trainerTitle	mobLevel	notes
alchemy	15	Elixir of Minor Spirit	1250793	250380	forever	drop	Gnarlpine Gardener | Kul Tiras Sailor	Teldrassil | Durotar								foreverchanges, letto da wowhead
alchemy	25	Minor Mageblood Elixir	1250788	250375	forever	drop	Young Wendigo	Dun Morogh							5-6	foreverchanges, letto da wowhead
alchemy	30	Minor Mender's Potion	1251741	250988	forever	drop	Gnarlpine Mystic	Teldrassil							6-7	foreverchanges, letto da wowhead
alchemy	35	Minor Spellblasting Potion	1251729	250976	forever	drop	Kobold Geomancer	Elwynn Forest							7-8	foreverchanges, letto da wowhead
alchemy	40	Minor Frenzy Potion	1251735	250982	forever	drop	Windfury Wind Witch | Bloodfeather Harpy	Mulgore | Teldrassil								foreverchanges, letto da wowhead
alchemy	45	Minor Cleric's Elixir	1250779	250366	forever	drop	Vile Fin Attacker | Murloc Forager | Vile Fin Muckdweller	Tirisfal Glades | Elwynn Forest | Tirisfal Glades								foreverchanges, letto da wowhead
alchemy	65	Elixir of Lesser Spirit	1250794	250381	forever	vendor	Nina Surefire | Apothecary Durelle	Three Corners, Redridge Mountains | The Barrens	10.9 | 49.9	72.5 | 29.6	alliance | horde					foreverchanges, letto da wowhead + catturato in gioco
alchemy	75	Lesser Mageblood Elixir	1250789	250376	forever	vendor	Nina Surefire | Apothecary Durelle	Three Corners, Redridge Mountains | The Barrens	10.9 | 49.9	72.5 | 29.6	alliance | horde					foreverchanges, letto da wowhead + catturato in gioco
alchemy	80	Lesser Mender's Potion	1251742	250989	forever	drop	Theramore Preserver | Stormscale Siren	The Barrens | Darkshore								foreverchanges, letto da wowhead
alchemy	85	Lesser Spellblasting Potion	1251730	250977	forever	drop	Witchwing Windcaller	The Barrens							17-18	foreverchanges, letto da wowhead
alchemy	90	Lesser Frenzy Potion	1251736	250983	forever	drop	Raging Rot Hide	Silverpine Forest							18-19	foreverchanges, letto da wowhead
alchemy	95	Elixir of Lesser Intellect	1250801	250388	forever	vendor	Nina Surefire | Apothecary Durelle	Three Corners, Redridge Mountains | The Barrens	10.9 | 49.9	72.5 | 29.6	alliance | horde					foreverchanges, letto da wowhead + catturato in gioco
alchemy	95	Lesser Cleric's Elixir	1250780	250367	forever	vendor	Nina Surefire | Apothecary Durelle	Three Corners, Redridge Mountains | The Barrens	10.9 | 49.9	72.5 | 29.6	alliance | horde					foreverchanges, letto da wowhead + catturato in gioco
alchemy	115	Elixir of Spirit	1250795	250382	forever											
alchemy	120	Lesser Arcane Elixir	1250791	250378	forever	vendor	Nina Surefire | Apothecary Durelle	Three Corners, Redridge Mountains | The Barrens	10.9 | 49.9	72.5 | 29.6	alliance | horde					foreverchanges, letto da wowhead + catturato in gioco
alchemy	130	Mender's Potion	1251743	250990	forever	vendor	Nina Surefire | Apothecary Durelle	Three Corners, Redridge Mountains | The Barrens	10.9 | 49.9	72.5 | 29.6	alliance | horde					foreverchanges, letto da wowhead + catturato in gioco
alchemy	135	Elixir of Intellect	1250802	250389	forever											
alchemy	135	Spellblasting Potion	1251731	250978	forever	vendor	Nina Surefire | Apothecary Durelle	Three Corners, Redridge Mountains | The Barrens	10.9 | 49.9	72.5 | 29.6	alliance | horde					foreverchanges, letto da wowhead + catturato in gioco
alchemy	140	Fermenter	1263005	273085	forever	blueprint										Blueprint [foreverchanges 2026-09-24]
alchemy	140	Frenzy Potion	1251737	250984	forever	vendor	Nina Surefire | Apothecary Durelle	Three Corners, Redridge Mountains | The Barrens	10.9 | 49.9	72.5 | 29.6	alliance | horde					foreverchanges, letto da wowhead + catturato in gioco
alchemy	145	Cleric's Elixir	1250781	250368	forever											
alchemy	150	Elixir of Fortitude	1250783	250370	forever											
alchemy	150	Elixir of Strength	1250798	250385	forever											
alchemy	165	Elixir of Greater Spirit	1250796	250383	forever	vendor	Nina Surefire | Apothecary Durelle	Three Corners, Redridge Mountains | The Barrens	10.9 | 49.9	72.5 | 29.6	alliance | horde					foreverchanges, letto da wowhead + catturato in gioco
alchemy	175	Greater Mageblood Elixir	1250790	250377	forever	vendor	Nina Surefire | Apothecary Durelle	Three Corners, Redridge Mountains | The Barrens	10.9 | 49.9	72.5 | 29.6	alliance | horde					foreverchanges, letto da wowhead + catturato in gioco
alchemy	180	Disorienting Smog Potion	1251750	250996	forever	vendor	Nina Surefire | Apothecary Durelle	Three Corners, Redridge Mountains | The Barrens	10.9 | 49.9	72.5 | 29.6	alliance | horde					foreverchanges, letto da wowhead + catturato in gioco
alchemy	185	Greater Spellblasting Potion	1251732	250979	forever	vendor	Gorhak	Desolace								foreverchanges, letto da wowhead
alchemy	190	Greater Frenzy Potion	1251738	250985	forever	vendor	Gorhak	Desolace								foreverchanges, letto da wowhead
alchemy	195	Draught of Predatory Senses	1250776	250363	forever											
alchemy	195	Greater Cleric's Elixir	1250782	250369	forever	vendor	Nina Surefire | Apothecary Durelle	Three Corners, Redridge Mountains | The Barrens	10.9 | 49.9	72.5 | 29.6	alliance | horde					foreverchanges, letto da wowhead + catturato in gioco
alchemy	200	Elixir of Greater Fortitude	1250784	250371	forever	vendor	Nina Surefire | Apothecary Durelle	Three Corners, Redridge Mountains | The Barrens	10.9 | 49.9	72.5 | 29.6	alliance | horde					foreverchanges, letto da wowhead + catturato in gioco
alchemy	230	Superior Mender's Potion	1251745	250992	forever											ignota anche alla community [foreverchanges 2026-09-24]
alchemy	235	Superior Spellblasting Potion	1251733	250980	forever											ignota anche alla community [foreverchanges 2026-09-24]
alchemy	240	Superior Frenzy Potion	1251739	250986	forever											ignota anche alla community [foreverchanges 2026-09-24]
alchemy	245	Dragonfire Potion	1251751	250997	forever	vendor	Nina Surefire | Apothecary Durelle	Three Corners, Redridge Mountains | The Barrens	10.9 | 49.9	72.5 | 29.6	alliance | horde					foreverchanges, letto da wowhead + catturato in gioco
alchemy	250	Distilled Firewater	1244421	236754	forever											
alchemy	250	Elixir of the Phalanx	1250778	250365	forever	vendor	Nina Surefire | Apothecary Durelle	Three Corners, Redridge Mountains | The Barrens	10.9 | 49.9	72.5 | 29.6	alliance | horde					foreverchanges, letto da wowhead + catturato in gioco
alchemy	265	Caustic Smog Potion	1251749	250995	forever	vendor	Nina Surefire | Apothecary Durelle	Three Corners, Redridge Mountains | The Barrens	10.9 | 49.9	72.5 | 29.6	alliance | horde					foreverchanges, letto da wowhead + catturato in gioco
alchemy	275	Elixir of Cunning	1250777	250364	forever	vendor	Nina Surefire | Apothecary Durelle	Three Corners, Redridge Mountains | The Barrens	10.9 | 49.9	72.5 | 29.6	alliance | horde					foreverchanges, letto da wowhead + catturato in gioco
alchemy	275	Elixir of Ferocity	1250799	250386	forever	vendor	Nina Surefire | Apothecary Durelle	Three Corners, Redridge Mountains | The Barrens	10.9 | 49.9	72.5 | 29.6	alliance | horde					foreverchanges, letto da wowhead + catturato in gioco
alchemy	275	Elixir of Sages	1250787	250374	forever	vendor	Nina Surefire | Apothecary Durelle	Three Corners, Redridge Mountains | The Barrens	10.9 | 49.9	72.5 | 29.6	alliance | horde					foreverchanges, letto da wowhead + catturato in gioco
alchemy	275	Elixir of the Whale	1250797	250384	forever	vendor	Nina Surefire | Apothecary Durelle	Three Corners, Redridge Mountains | The Barrens	10.9 | 49.9	72.5 | 29.6	alliance | horde					foreverchanges, letto da wowhead + catturato in gioco
alchemy	275	Potion of Venomous Blood	1251748	250994	forever	vendor	Nina Surefire | Apothecary Durelle	Three Corners, Redridge Mountains | The Barrens	10.9 | 49.9	72.5 | 29.6	alliance | horde					foreverchanges, letto da wowhead + catturato in gioco
alchemy	275	Transmute: Legionite	1317279	284871	forever											
alchemy	280	Elixir of the Owl	1250786	250373	forever	vendor	Nina Surefire | Apothecary Durelle	Three Corners, Redridge Mountains | The Barrens	10.9 | 49.9	72.5 | 29.6	alliance | horde					foreverchanges, letto da wowhead + catturato in gioco
alchemy	280	Major Mender's Potion	1251747	250993	forever	vendor	Nina Surefire | Apothecary Durelle	Three Corners, Redridge Mountains | The Barrens	10.9 | 49.9	72.5 | 29.6	alliance | horde					foreverchanges, letto da wowhead + catturato in gioco
alchemy	280	Potion of Beast Culling	1251753	250999	forever											ignota anche alla community [foreverchanges 2026-09-24]
alchemy	280	Potion of Elemental Siphoning	1251752	250998	forever	vendor	Nina Surefire | Apothecary Durelle	Three Corners, Redridge Mountains | The Barrens	10.9 | 49.9	72.5 | 29.6	alliance | horde					foreverchanges, letto da wowhead + catturato in gioco
alchemy	285	Elixir of Nature Power	1250792	250379	forever	vendor	Nina Surefire | Apothecary Durelle	Three Corners, Redridge Mountains | The Barrens	10.9 | 49.9	72.5 | 29.6	alliance | horde					foreverchanges, letto da wowhead + catturato in gioco
alchemy	285	Elixir of Wicked Regeneration	1250785	250372	forever	vendor	Nina Surefire | Apothecary Durelle	Three Corners, Redridge Mountains | The Barrens	10.9 | 49.9	72.5 | 29.6	alliance | horde					foreverchanges, letto da wowhead + catturato in gioco
alchemy	285	Major Spellblasting Potion	1251734	250981	forever	vendor	Nina Surefire | Apothecary Durelle	Three Corners, Redridge Mountains | The Barrens	10.9 | 49.9	72.5 | 29.6	alliance | horde					foreverchanges, letto da wowhead + catturato in gioco
alchemy	290	Major Frenzy Potion	1251740	250987	forever	vendor	Nina Surefire | Apothecary Durelle	Three Corners, Redridge Mountains | The Barrens	10.9 | 49.9	72.5 | 29.6	alliance | horde					foreverchanges, letto da wowhead + catturato in gioco
alchemy	300	Alchemy Laboratory	1263078	273112	forever	blueprint										Blueprint [foreverchanges 2026-09-24]
alchemy	300	Elixir of the Grizzly	1250800	250387	forever	vendor	Nina Surefire | Apothecary Durelle	Three Corners, Redridge Mountains | The Barrens	10.9 | 49.9	72.5 | 29.6	alliance | horde					foreverchanges, letto da wowhead + catturato in gioco
alchemy	300	Flask of Natural Accuracy	1293559	274277	forever											
alchemy	300	Flask of Natural Aggression	1293560	274278	forever											
alchemy	300	Flask of Natural Precision	1293561	274279	forever											
alchemy	300	Flask of Natural Swiftness	1293562	274280	forever											
alchemy		Cerulean Dye	1249630		forever											
alchemy		Discolored Healing Potion	1244646		forever											Trainer [foreverchanges 2026-09-24]
alchemy		Elixir of Minor Force	1245250		forever											
alchemy		Greater Discolored Healing Potion	1244647		forever											
alchemy		Greater Mender's Potion	1251744	250991	forever											
alchemy		Lesser Discolored Healing Potion	1244645		forever											
alchemy		Magenta Dye	1249631		forever											
alchemy		Minor Arcane Elixir	1245246		forever	vendor										quartermaster a Merchant's Favor -- 45 Merchant's Favor skill 65 to 140 [foreverchanges 2026-09-24]
alchemy		Sulfuric Acid	1249633		forever											
alchemy		Superior Discolored Healing Potion	1244648		forever											
alchemy		Viridian Dye	1249632		forever											
blacksmithing	35	Gemmed Copper Boots	1252229	251332	forever											
blacksmithing	35	Glowing Copper Boots	1252231	251334	forever											
blacksmithing	35	Strange Copper Boots	1252230	251333	forever											
blacksmithing	45	Acolyte's Chain Belt	1252265	251368	forever	vendor	Stondry Darkhammer | Gor'mak	Three Corners, Redridge Mountains | The Barrens	10.4 | 49.8	74.8 | 29.7	alliance | horde					foreverchanges, letto da wowhead + catturato in gioco
blacksmithing	45	Crusader's Chain Belt	1252266	251369	forever	vendor	Stondry Darkhammer | Gor'mak	Three Corners, Redridge Mountains | The Barrens	10.4 | 49.8	74.8 | 29.7	alliance | horde					foreverchanges, letto da wowhead + catturato in gioco
blacksmithing	45	Guard's Chain Belt	1252263	251366	forever	vendor	Stondry Darkhammer | Gor'mak	Three Corners, Redridge Mountains | The Barrens	10.4 | 49.8	74.8 | 29.7	alliance | horde					foreverchanges, letto da wowhead + catturato in gioco
blacksmithing	45	Protector's Chain Belt	1252264	251367	forever	vendor	Stondry Darkhammer | Gor'mak	Three Corners, Redridge Mountains | The Barrens	10.4 | 49.8	74.8 | 29.7	alliance | horde					foreverchanges, letto da wowhead + catturato in gioco
blacksmithing	45	Veteran's Chain Belt	1252262	251365	forever	vendor	Stondry Darkhammer | Gor'mak	Three Corners, Redridge Mountains | The Barrens	10.4 | 49.8	74.8 | 29.7	alliance | horde					foreverchanges, letto da wowhead + catturato in gioco
blacksmithing	50	Azure Skyforged Chain	1301448	276955	forever											
blacksmithing	50	Azure Skyforged Wristguards	1301446	276953	forever											
blacksmithing	50	Cloudy Skyforged Chain	1301424	276931	forever											
blacksmithing	50	Cloudy Skyforged Wristguards	1301422	276929	forever											
blacksmithing	50	Rough Copper Chain Boots	1302598	277673	forever	quest										foreverchanges, letto da wowhead
blacksmithing	55	Azure Skyforged Gauntlets	1301447	276954	forever											
blacksmithing	55	Azure Skyforged Greaves	1301450	276957	forever											
blacksmithing	55	Cloudy Skyforged Gauntlets	1301423	276930	forever											
blacksmithing	55	Cloudy Skyforged Greaves	1301426	276933	forever											
blacksmithing	60	Azure Skyforged Chainmail	1301445	276952	forever											
blacksmithing	60	Azure Skyforged Legguards	1301449	276956	forever											
blacksmithing	60	Cloudy Skyforged Chainmail	1301421	276928	forever											
blacksmithing	60	Cloudy Skyforged Legguards	1301425	276932	forever											
blacksmithing	80	Acolyte's Gloves	1252260	251363	forever	vendor	Stondry Darkhammer | Gor'mak	Three Corners, Redridge Mountains | The Barrens	10.4 | 49.8	74.8 | 29.7	alliance | horde					foreverchanges, letto da wowhead + catturato in gioco
blacksmithing	80	Brass Knuckles	1252351	251454	forever											
blacksmithing	80	Crusader's Gloves	1252261	251364	forever	vendor	Stondry Darkhammer | Gor'mak	Three Corners, Redridge Mountains | The Barrens	10.4 | 49.8	74.8 | 29.7	alliance | horde					foreverchanges, letto da wowhead + catturato in gioco
blacksmithing	80	Guard's Chain Shirt	1252238	251341	forever											
blacksmithing	80	Guard's Gloves	1252258	251361	forever	vendor	Stondry Darkhammer | Gor'mak	Three Corners, Redridge Mountains | The Barrens	10.4 | 49.8	74.8 | 29.7	alliance | horde					foreverchanges, letto da wowhead + catturato in gioco
blacksmithing	80	Protector's Gloves	1252259	251362	forever	vendor	Stondry Darkhammer | Gor'mak	Three Corners, Redridge Mountains | The Barrens	10.4 | 49.8	74.8 | 29.7	alliance | horde					foreverchanges, letto da wowhead + catturato in gioco
blacksmithing	80	Veteran's Gloves	1252257	251360	forever	vendor	Gor'mak | Stondry Darkhammer	The Barrens | Three Corners, Redridge Mountains	49.8 | 10.4	29.7 | 74.8	horde | alliance					foreverchanges, letto da wowhead + catturato in gioco
blacksmithing	85	Acolyte's Boots	1252255	251358	forever	vendor	Stondry Darkhammer | Gor'mak	Three Corners, Redridge Mountains | The Barrens	10.4 | 49.8	74.8 | 29.7	alliance | horde					foreverchanges, letto da wowhead + catturato in gioco
blacksmithing	85	Crusader's Boots	1252256	251359	forever	vendor	Stondry Darkhammer | Gor'mak	Three Corners, Redridge Mountains | The Barrens	10.4 | 49.8	74.8 | 29.7	alliance | horde					foreverchanges, letto da wowhead + catturato in gioco
blacksmithing	85	Guard's Boots	1252253	251356	forever	vendor	Stondry Darkhammer | Gor'mak	Three Corners, Redridge Mountains | The Barrens	10.4 | 49.8	74.8 | 29.7	alliance | horde					foreverchanges, letto da wowhead + catturato in gioco
blacksmithing	85	Protector's Boots	1252254	251357	forever	vendor	Stondry Darkhammer | Gor'mak	Three Corners, Redridge Mountains | The Barrens	10.4 | 49.8	74.8 | 29.7	alliance | horde					foreverchanges, letto da wowhead + catturato in gioco
blacksmithing	85	Veteran's Boots	1252252	251355	forever	vendor	Stondry Darkhammer | Gor'mak	Three Corners, Redridge Mountains | The Barrens	10.4 | 49.8	74.8 | 29.7	alliance | horde					foreverchanges, letto da wowhead + catturato in gioco
blacksmithing	95	Acolyte's Silvered Chain Helm	1252280	251383	forever	vendor	Stondry Darkhammer | Gor'mak	Three Corners, Redridge Mountains | The Barrens	10.4 | 49.8	74.8 | 29.7	alliance | horde					foreverchanges, letto da wowhead + catturato in gioco
blacksmithing	95	Bronze Dory	1252352	251455	forever											
blacksmithing	95	Crusader's Silvered Chain Helm	1252281	251384	forever	vendor	Stondry Darkhammer | Gor'mak	Three Corners, Redridge Mountains | The Barrens	10.4 | 49.8	74.8 | 29.7	alliance | horde					foreverchanges, letto da wowhead + catturato in gioco
blacksmithing	95	Guard's Silvered Chain Helm	1252278	251381	forever	vendor	Stondry Darkhammer | Gor'mak	Three Corners, Redridge Mountains | The Barrens	10.4 | 49.8	74.8 | 29.7	alliance | horde					foreverchanges, letto da wowhead + catturato in gioco
blacksmithing	95	Protector's Silvered Chain Helm	1252279	251382	forever	vendor	Stondry Darkhammer | Gor'mak	Three Corners, Redridge Mountains | The Barrens	10.4 | 49.8	74.8 | 29.7	alliance | horde					foreverchanges, letto da wowhead + catturato in gioco
blacksmithing	95	Veteran's Silvered Chain Helm	1252277	251380	forever	vendor	Stondry Darkhammer | Gor'mak	Three Corners, Redridge Mountains | The Barrens	10.4 | 49.8	74.8 | 29.7	alliance | horde					foreverchanges, letto da wowhead + catturato in gioco
blacksmithing	100	Sterling Silver Boots	1252232	251335	forever											
blacksmithing	105	Sterling Silver Gauntlet	1252234	251337	forever											
blacksmithing	105	Sterling Silver Leggings	1252233	251336	forever											
blacksmithing	110	Acolyte's Silvered Chain Shirt	1252270	251373	forever	vendor	Stondry Darkhammer | Gor'mak	Three Corners, Redridge Mountains | The Barrens	10.4 | 49.8	74.8 | 29.7	alliance | horde					foreverchanges, letto da wowhead + catturato in gioco
blacksmithing	110	Cracked Blacksmith Hammer	1317962	285289	forever											
blacksmithing	110	Crusader's Silvered Chain Shirt	1252271	251374	forever	vendor	Stondry Darkhammer | Gor'mak	Three Corners, Redridge Mountains | The Barrens	10.4 | 49.8	74.8 | 29.7	alliance | horde					foreverchanges, letto da wowhead + catturato in gioco
blacksmithing	110	Guard's Silvered Chain Shirt	1252268	251371	forever	vendor	Stondry Darkhammer | Gor'mak	Three Corners, Redridge Mountains | The Barrens	10.4 | 49.8	74.8 | 29.7	alliance | horde					foreverchanges, letto da wowhead + catturato in gioco
blacksmithing	110	Protector's Silvered Chain Shirt	1252269	251372	forever	vendor	Stondry Darkhammer | Gor'mak	Three Corners, Redridge Mountains | The Barrens	10.4 | 49.8	74.8 | 29.7	alliance | horde					foreverchanges, letto da wowhead + catturato in gioco
blacksmithing	110	Sterling Silver Shoulders	1252235	251338	forever											
blacksmithing	110	Veteran's Silvered Chain Shirt	1252267	251370	forever	vendor	Stondry Darkhammer | Gor'mak	Three Corners, Redridge Mountains | The Barrens	10.4 | 49.8	74.8 | 29.7	alliance | horde					foreverchanges, letto da wowhead + catturato in gioco
blacksmithing	125	Acolyte's Silvered Chain Leggings	1252275	251378	forever	vendor	Stondry Darkhammer | Gor'mak	Three Corners, Redridge Mountains | The Barrens	10.4 | 49.8	74.8 | 29.7	alliance | horde					foreverchanges, letto da wowhead + catturato in gioco
blacksmithing	125	Crusader's Silvered Chain Leggings	1252276	251379	forever	vendor	Stondry Darkhammer | Gor'mak	Three Corners, Redridge Mountains | The Barrens	10.4 | 49.8	74.8 | 29.7	alliance | horde					foreverchanges, letto da wowhead + catturato in gioco
blacksmithing	125	Guard's Silvered Chain Leggings	1252273	251376	forever	vendor	Stondry Darkhammer | Gor'mak	Three Corners, Redridge Mountains | The Barrens	10.4 | 49.8	74.8 | 29.7	alliance | horde					foreverchanges, letto da wowhead + catturato in gioco
blacksmithing	125	Protector's Silvered Chain Leggings	1252274	251377	forever	vendor	Stondry Darkhammer | Gor'mak	Three Corners, Redridge Mountains | The Barrens	10.4 | 49.8	74.8 | 29.7	alliance | horde					foreverchanges, letto da wowhead + catturato in gioco
blacksmithing	125	Sterling Silver Breastplate	1252236	251339	forever											
blacksmithing	125	Veteran's Silvered Chain Leggings	1252272	251375	forever	vendor	Stondry Darkhammer | Gor'mak	Three Corners, Redridge Mountains | The Barrens	10.4 | 49.8	74.8 | 29.7	alliance | horde					foreverchanges, letto da wowhead + catturato in gioco
blacksmithing	130	Iron Fists	1252353	251456	forever											
blacksmithing	140	Anvil	1263041	273086	forever											
blacksmithing	145	Hard Gold Cuirass	1252282	251385	forever											
blacksmithing	150	Hard Gold Boots	1252283	251386	forever											
blacksmithing	150	Justicar's Belt	1252309	251412	forever											
blacksmithing	150	Officer's Belt	1252305	251408	forever											
blacksmithing	150	Prefect's Belt	1252308	251411	forever											
blacksmithing	150	Sentinel's Belt	1252306	251409	forever											
blacksmithing	150	Warder's Belt	1252307	251410	forever											
blacksmithing	160	Hard Gold Bracers	1252284	251387	forever											
blacksmithing	160	Steel Spear	1252354	251457	forever											
blacksmithing	165	Hard Gold Leggings	1252285	251388	forever											
blacksmithing	165	Iron Morningstar	1252355	251458	forever	vendor	Gorhak	Desolace								foreverchanges, letto da wowhead
blacksmithing	170	Hard Gold Coif	1252286	251389	forever											
blacksmithing	175	Azure Skyforged Helm	1301534	276984	forever	vendor	Archmage Alvareaux	The Silver Enclave, City of Dalaran	14.0	63.1	alliance					foreverchanges, letto da wowhead + catturato in gioco
blacksmithing	175	Azure Skyforged Pauldrons	1301535	276985	forever	vendor	Archmage Alvareaux	The Silver Enclave, City of Dalaran	14.0	63.1	alliance					foreverchanges, letto da wowhead + catturato in gioco
blacksmithing	175	Cloudy Skyforged Helm	1301526	276976	forever	vendor	Sutara Plainstalker	Mulgore			horde					foreverchanges, letto da wowhead
blacksmithing	175	Cloudy Skyforged Pauldrons	1301527	276977	forever	vendor	Sutara Plainstalker	Mulgore			horde					foreverchanges, letto da wowhead
blacksmithing	175	Hard Gold Gauntlet	1252287	251390	forever	vendor	Gorhak	Desolace								foreverchanges, letto da wowhead
blacksmithing	175	Hard Gold Pauldrons	1252288	251391	forever											
blacksmithing	175	Justicar's Gauntlet	1252319	251422	forever	vendor	Stondry Darkhammer | Gor'mak	Three Corners, Redridge Mountains | The Barrens	10.4 | 49.8	74.8 | 29.7	alliance | horde					foreverchanges, letto da wowhead + catturato in gioco
blacksmithing	175	Officer's Gauntlet	1252315	251418	forever	vendor	Stondry Darkhammer | Gor'mak	Three Corners, Redridge Mountains | The Barrens	10.4 | 49.8	74.8 | 29.7	alliance | horde					foreverchanges, letto da wowhead + catturato in gioco
blacksmithing	175	Prefect's Gauntlet	1252318	251421	forever	vendor	Stondry Darkhammer | Gor'mak	Three Corners, Redridge Mountains | The Barrens	10.4 | 49.8	74.8 | 29.7	alliance | horde					foreverchanges, letto da wowhead + catturato in gioco
blacksmithing	175	Sentinel's Gauntlet	1252316	251419	forever	vendor	Stondry Darkhammer | Gor'mak	Three Corners, Redridge Mountains | The Barrens	10.4 | 49.8	74.8 | 29.7	alliance | horde					foreverchanges, letto da wowhead + catturato in gioco
blacksmithing	175	Warder's Gauntlet	1252317	251420	forever	vendor	Stondry Darkhammer | Gor'mak	Three Corners, Redridge Mountains | The Barrens	10.4 | 49.8	74.8 | 29.7	alliance | horde					foreverchanges, letto da wowhead + catturato in gioco
blacksmithing	180	Mithril Shortsword	1252356	251459	forever											ignota anche alla community [foreverchanges 2026-09-24]
blacksmithing	190	Mithril Warhammer	1252357	251460	forever	vendor	Martha Wellsworth	Riverglades								foreverchanges, letto da wowhead
blacksmithing	195	Mithril Blacksmith Hammer	1317963	285290	forever											
blacksmithing	195	Mithril Claws	1252358	251461	forever											ignota anche alla community [foreverchanges 2026-09-24]
blacksmithing	195	Mithril Claymore	1252359	251462	forever											
blacksmithing	195	Shining Mithril Breastplate	1252289	251392	forever											
blacksmithing	195	Shining Mithril Pauldrons	1252290	251393	forever											
blacksmithing	200	Justicar's Boots	1252299	251402	forever											
blacksmithing	200	Officer's Boots	1252295	251398	forever											
blacksmithing	200	Prefect's Boots	1252298	251401	forever											
blacksmithing	200	Sentinel's Boots	1252296	251399	forever											
blacksmithing	200	Shining Mithril Boots	1252291	251394	forever											
blacksmithing	200	Warder's Boots	1252297	251400	forever											
blacksmithing	210	Justicar's Pauldrons	1252329	251432	forever	vendor	Stondry Darkhammer | Gor'mak	Three Corners, Redridge Mountains | The Barrens	10.4 | 49.8	74.8 | 29.7	alliance | horde					foreverchanges, letto da wowhead + catturato in gioco
blacksmithing	210	Mithril Stiletto	1252360	251463	forever											ignota anche alla community [foreverchanges 2026-09-24]
blacksmithing	210	Officer's Pauldrons	1252325	251428	forever	vendor	Stondry Darkhammer | Gor'mak	Three Corners, Redridge Mountains | The Barrens	10.4 | 49.8	74.8 | 29.7	alliance | horde					foreverchanges, letto da wowhead + catturato in gioco
blacksmithing	210	Prefect's Pauldrons	1252328	251431	forever	vendor	Stondry Darkhammer | Gor'mak	Three Corners, Redridge Mountains | The Barrens	10.4 | 49.8	74.8 | 29.7	alliance | horde					foreverchanges, letto da wowhead + catturato in gioco
blacksmithing	210	Sentinel's Pauldrons	1252326	251429	forever	vendor	Stondry Darkhammer | Gor'mak	Three Corners, Redridge Mountains | The Barrens	10.4 | 49.8	74.8 | 29.7	alliance | horde					foreverchanges, letto da wowhead + catturato in gioco
blacksmithing	210	Warder's Pauldrons	1252327	251430	forever	vendor	Stondry Darkhammer | Gor'mak	Three Corners, Redridge Mountains | The Barrens	10.4 | 49.8	74.8 | 29.7	alliance | horde					foreverchanges, letto da wowhead + catturato in gioco
blacksmithing	215	Charged Mithril Battleaxe	1252361	251464	forever											
blacksmithing	220	Shining Mithril Gauntlet	1252294	251397	forever											
blacksmithing	220	Shining Mithril Pants	1252293	251396	forever											
blacksmithing	225	Justicar's Wristguards	1252334	251437	forever	vendor	Stondry Darkhammer | Gor'mak	Three Corners, Redridge Mountains | The Barrens	10.4 | 49.8	74.8 | 29.7	alliance | horde					foreverchanges, letto da wowhead + catturato in gioco
blacksmithing	225	Officer's Wristguards	1252330	251433	forever	vendor	Stondry Darkhammer | Gor'mak	Three Corners, Redridge Mountains | The Barrens	10.4 | 49.8	74.8 | 29.7	alliance | horde					foreverchanges, letto da wowhead + catturato in gioco
blacksmithing	225	Prefect's Wristguards	1252333	251436	forever	vendor	Stondry Darkhammer | Gor'mak	Three Corners, Redridge Mountains | The Barrens	10.4 | 49.8	74.8 | 29.7	alliance | horde					foreverchanges, letto da wowhead + catturato in gioco
blacksmithing	225	Sentinel's Wristguards	1252331	251434	forever	vendor	Stondry Darkhammer | Gor'mak	Three Corners, Redridge Mountains | The Barrens	10.4 | 49.8	74.8 | 29.7	alliance | horde					foreverchanges, letto da wowhead + catturato in gioco
blacksmithing	225	Warder's Wristguards	1252332	251435	forever	vendor	Stondry Darkhammer | Gor'mak	Three Corners, Redridge Mountains | The Barrens	10.4 | 49.8	74.8 | 29.7	alliance | horde					foreverchanges, letto da wowhead + catturato in gioco
blacksmithing	240	Blessed Plate Boots	1252336	251439	forever											
blacksmithing	240	Blessed Plate Pauldrons	1252335	251438	forever											
blacksmithing	240	Justicar's Sabatons	1252314	251417	forever	vendor	Stondry Darkhammer | Gor'mak	Three Corners, Redridge Mountains | The Barrens	10.4 | 49.8	74.8 | 29.7	alliance | horde					foreverchanges, letto da wowhead + catturato in gioco
blacksmithing	240	Officer's Sabatons	1252310	251413	forever	vendor	Stondry Darkhammer | Gor'mak	Three Corners, Redridge Mountains | The Barrens	10.4 | 49.8	74.8 | 29.7	alliance | horde					foreverchanges, letto da wowhead + catturato in gioco
blacksmithing	240	Prefect's Sabatons	1252313	251416	forever	vendor	Stondry Darkhammer | Gor'mak	Three Corners, Redridge Mountains | The Barrens	10.4 | 49.8	74.8 | 29.7	alliance | horde					foreverchanges, letto da wowhead + catturato in gioco
blacksmithing	240	Sentinel's Sabatons	1252311	251414	forever	vendor	Stondry Darkhammer | Gor'mak	Three Corners, Redridge Mountains | The Barrens	10.4 | 49.8	74.8 | 29.7	alliance | horde					foreverchanges, letto da wowhead + catturato in gioco
blacksmithing	240	Warder's Sabatons	1252312	251415	forever	vendor	Stondry Darkhammer | Gor'mak	Three Corners, Redridge Mountains | The Barrens	10.4 | 49.8	74.8 | 29.7	alliance | horde					foreverchanges, letto da wowhead + catturato in gioco
blacksmithing	245	Blessed Plate Gauntlet	1252337	251440	forever											
blacksmithing	250	Justicar's Gloves	1252304	251407	forever											
blacksmithing	250	Justicar's Waistguard	1252324	251427	forever	vendor	Stondry Darkhammer | Gor'mak	Three Corners, Redridge Mountains | The Barrens	10.4 | 49.8	74.8 | 29.7	alliance | horde					foreverchanges, letto da wowhead + catturato in gioco
blacksmithing	250	Officer's Gloves	1252300	251403	forever											
blacksmithing	250	Officer's Waistguard	1252320	251423	forever	vendor	Stondry Darkhammer | Gor'mak	Three Corners, Redridge Mountains | The Barrens	10.4 | 49.8	74.8 | 29.7	alliance | horde					foreverchanges, letto da wowhead + catturato in gioco
blacksmithing	250	Prefect's Gloves	1252303	251406	forever											
blacksmithing	250	Sentinel's Gloves	1252301	251404	forever											
blacksmithing	250	Sentinel's Waistguard	1252321	251424	forever	vendor	Stondry Darkhammer | Gor'mak	Three Corners, Redridge Mountains | The Barrens	10.4 | 49.8	74.8 | 29.7	alliance | horde					foreverchanges, letto da wowhead + catturato in gioco
blacksmithing	250	Thorium Cestus	1252363	251466	forever	vendor	Stondry Darkhammer | Gor'mak	Three Corners, Redridge Mountains | The Barrens	10.4 | 49.8	74.8 | 29.7	alliance | horde					foreverchanges, letto da wowhead + catturato in gioco
blacksmithing	250	Thorium Greatmace	1252362	251465	forever	vendor	Stondry Darkhammer | Gor'mak	Three Corners, Redridge Mountains | The Barrens	10.4 | 49.8	74.8 | 29.7	alliance | horde					foreverchanges, letto da wowhead + catturato in gioco
blacksmithing	250	Warder's Gloves	1252302	251405	forever											
blacksmithing	250	Warder's Waistguard	1252322	251425	forever	vendor	Stondry Darkhammer | Gor'mak	Three Corners, Redridge Mountains | The Barrens	10.4 | 49.8	74.8 | 29.7	alliance | horde					foreverchanges, letto da wowhead + catturato in gioco
blacksmithing	255	Blessed Plate Bracers	1252339	251442	forever											
blacksmithing	255	Imperial Plate Gauntlets	1252338	251441	forever											
blacksmithing	260	Thorium Poleaxe	1252364	251467	forever											
blacksmithing	270	Arcanite Blacksmith Hammer	1317964	285291	forever											
blacksmithing	270	Blessed Plate Belt	1252341	251444	forever											
blacksmithing	270	Blessed Plate Leggings	1252340	251443	forever											
blacksmithing	270	Bold Dirk	1252365	251468	forever	vendor	Pexmit	Mount Hyjal								foreverchanges, letto da wowhead
blacksmithing	275	Blessed Plate Helm	1252342	251445	forever											
blacksmithing	280	Blessed Plate Chest	1252343	251446	forever											
blacksmithing	285	Clutchlord's Grips	1297141	275601	forever											
blacksmithing	285	Goregasher Grips	1297138	275598	forever											
blacksmithing	290	Clutchlord's Support	1297142	275602	forever											
blacksmithing	290	Goregasher Support	1297139	275599	forever											
blacksmithing	295	Clutchlord's Stompers	1297143	275603	forever											
blacksmithing	295	Goregasher Stompers	1297140	275600	forever											
blacksmithing	300	Azerothium Legplates	1306539	279314	forever											
blacksmithing	300	Bagh Nakh	1252367	251470	forever											ignota anche alla community [foreverchanges 2026-09-24]
blacksmithing	300	Breastplate of Salvation	1252350	251453	forever											
blacksmithing	300	Champion's Legplates	1252347	251450	forever											
blacksmithing	300	Depleted Thorium Sabatons	1306537	279312	forever											
blacksmithing	300	Enriched Thorium Breastplate	1252344	251447	forever	vendor	Stondry Darkhammer | Gor'mak	Three Corners, Redridge Mountains | The Barrens	10.4 | 49.8	74.8 | 29.7	alliance | horde					foreverchanges, letto da wowhead + catturato in gioco
blacksmithing	300	Enriched Thorium Helm	1252346	251449	forever	vendor	Stondry Darkhammer | Gor'mak	Three Corners, Redridge Mountains | The Barrens	10.4 | 49.8	74.8 | 29.7	alliance | horde					foreverchanges, letto da wowhead + catturato in gioco
blacksmithing	300	Enriched Thorium Leggings	1252345	251448	forever	vendor	Stondry Darkhammer | Gor'mak	Three Corners, Redridge Mountains | The Barrens	10.4 | 49.8	74.8 | 29.7	alliance | horde					foreverchanges, letto da wowhead + catturato in gioco
blacksmithing	300	Evergreen Shield	1306536	279311	forever											
blacksmithing	300	Forest Defender's Axe	1306534	279309	forever											
blacksmithing	300	Greenhammer	1306535	279310	forever											
blacksmithing	300	Heavy Thorium Gauntlets	1306538	279313	forever											
blacksmithing	300	Ironwood Blade	1306533	279308	forever											
blacksmithing	300	Legionite Glaive	1252368	251471	forever	vendor	Stondry Darkhammer | Gor'mak	Three Corners, Redridge Mountains | The Barrens	10.4 | 49.8	74.8 | 29.7	alliance | horde					foreverchanges, letto da wowhead + catturato in gioco
blacksmithing	300	Martyr's Legplates	1252349	251452	forever											
blacksmithing	300	Master Forge	1263073	273113	forever											
blacksmithing	300	Stalwart Helm	1252348	251451	forever											
blacksmithing	300	Stormcarver	1252366	251469	forever											
blacksmithing		Acolyte's Chain Helm	1252250	251353	forever											
blacksmithing		Acolyte's Chain Leggings	1252245	251348	forever											
blacksmithing		Acolyte's Chain Shirt	1252240	251343	forever											
blacksmithing		Copper Rod	1245287		forever											
blacksmithing		Crusader's Chain Helm	1252251	251354	forever											
blacksmithing		Crusader's Chain Leggings	1252246	251349	forever											
blacksmithing		Crusader's Chain Shirt	1252241	251344	forever											
blacksmithing		Guard's Chain Helm	1252248	251351	forever											
blacksmithing		Guard's Chain Leggings	1252243	251346	forever											
blacksmithing		Prefect's Waistguard	1252323		forever											
blacksmithing		Protector's Chain Helm	1252249	251352	forever											
blacksmithing		Protector's Chain Leggings	1252244	251347	forever											
blacksmithing		Protector's Chain Shirt	1252239	251342	forever											
blacksmithing		Shining Mithril Helm	1252292	251395	forever											
blacksmithing		Veteran's Chain Helm	1252247	251350	forever											
blacksmithing		Veteran's Chain Leggings	1252242	251345	forever											
blacksmithing		Veteran's Chain Shirt	1252237	251340	forever											
cooking	25	Peace Tea	1249957	249879	forever	drop	Frostmane Seer	Dun Morogh							8-9	foreverchanges, letto da wowhead
cooking	25	Skywall Souffle	1270633	263511	forever	quest		Zephras Isle								foreverchanges, letto da wowhead
cooking	25	Tasty Raptor Bites	1250156	250187	forever	drop	Sunscale Screecher	The Barrens							13-15	foreverchanges, letto da wowhead
cooking	25	Venomous Smoothie	1249963	249885	forever	vendor	Kalsey Sanden | Aza'bek	Three Corners, Redridge Mountains | The Barrens	10.8 | 49.7	72.8 | 29.4	alliance | horde					foreverchanges, letto da wowhead + catturato in gioco
cooking	35	Pincer Bites	1270635	263513	forever	quest		Zephras Isle								foreverchanges, letto da wowhead
cooking	75	Breakfast Omelette	1250157	250188	forever	drop	Dire Condor	Redridge Mountains							18-19	foreverchanges, letto da wowhead
cooking	75	Twice-Spiced Raptor Slice	1250154	250185	forever											
cooking	85	Savory Whimsyfin Delight	1252566	251526	forever											
cooking	90	Journeyman Campfire	1283400	273087	forever											
cooking	100	Royal Tea	1249958	249880	forever											
cooking	100	Slimy Smoothie	1249964	249886	forever	vendor	Kalsey Sanden | Aza'bek	Three Corners, Redridge Mountains | The Barrens	10.8 | 49.7	72.8 | 29.4	alliance | horde					foreverchanges, letto da wowhead + catturato in gioco
cooking	125	Mrrggl Smrrthle	1249965	249887	forever	vendor	Kalsey Sanden | Aza'bek	Three Corners, Redridge Mountains | The Barrens	10.8 | 49.7	72.8 | 29.4	alliance | horde					foreverchanges, letto da wowhead + catturato in gioco
cooking	125	Root Tea	1249959	249881	forever											
cooking	140	Cookie's Feast	1262978	273102	forever	blueprint										Blueprint [foreverchanges 2026-09-24]
cooking	175	Bear Brisket	1250151	250182	forever											
cooking	175	Giant Scrambled Eggs	1250155	250186	forever											ignota anche alla community [foreverchanges 2026-09-24]
cooking	180	Calcified Smoothie	1249966	249888	forever	vendor	Kalsey Sanden | Aza'bek	Three Corners, Redridge Mountains | The Barrens	10.8 | 49.7	72.8 | 29.4	alliance | horde					foreverchanges, letto da wowhead + catturato in gioco
cooking	180	Triage Tea	1249960	249882	forever											
cooking	185	Plain Ol' Paletusk	1295834	274977	forever	vendor	Martha Wellsworth	Riverglades								foreverchanges, letto da wowhead
cooking	200	Briny Seafood Stew	1295805	274972	forever											
cooking	200	Expert Campfire	1291341	273101	forever											
cooking	200	Spicy Smoothie	1249967	249889	forever	vendor	Kalsey Sanden | Aza'bek	Three Corners, Redridge Mountains | The Barrens	10.8 | 49.7	72.8 | 29.4	alliance | horde					foreverchanges, letto da wowhead + catturato in gioco
cooking	200	Sunny Tea	1249961	249883	forever											
cooking	225	Plated Armorfish	1319313	286153	forever											
cooking	225	Raptor Rouladen	1250153	250184	forever											
cooking	225	Savory Stag Sliders	1250142	250173	forever											
cooking	250	Sage's Tea	1249962	249884	forever											
cooking	250	Wicked Smoothie	1249968	249890	forever	vendor	Kalsey Sanden | Aza'bek	Three Corners, Redridge Mountains | The Barrens	10.8 | 49.7	72.8 | 29.4	alliance | horde					foreverchanges, letto da wowhead + catturato in gioco
cooking	275	Bat Hachee	1250144	250175	forever											
cooking	275	Bear Bruscitti	1250147	250178	forever											
cooking	275	Clam Linguine	1250158	250189	forever											
cooking	275	Flank au Poivre	1250146	250177	forever											
cooking	275	Prehistoric Pulled Raptor	1250152	250183	forever											
cooking	275	Raging Raptor Ribs	1250150	250181	forever											
cooking	275	Savory Turtle Stew	1250145	250176	forever											ignota anche alla community [foreverchanges 2026-09-24]
cooking	275	Soaring Pamplona	1250143	250174	forever											
cooking	275	Steaming Stag Steak	1250148	250179	forever											
cooking	275	Sweetpaw Jam	1294014	274415	forever											
cooking	275	Swiftstrike Steak	1250149	250180	forever											
cooking	300	Iron Oven	1263067	273115	forever	blueprint										Blueprint [foreverchanges 2026-09-24]
cooking		Spinefin Halibut	1247741		forever											
enchanting	70	Enchant Bracer - Minor Intellect	1248458	249474	forever	drop	Vile Fin Tidehunter	Silverpine Forest							13-14	foreverchanges, letto da wowhead
enchanting	90	Enchant Bracer - Minor Healing Power	1248459	249475	forever											
enchanting	130	Mystic Mushroom	1248752	249476	forever	blueprint	Alynsia | Beneris	Three Corners, Redridge Mountains | The Barrens	11.2 | 49.7	71.5 | 29.8	alliance | horde					Blueprint [foreverchanges 2026-09-24] + catturato in gioco
enchanting	130	Polished Driftwood Icon	1248755	249478	forever	blueprint	Alynsia | Beneris	Three Corners, Redridge Mountains | The Barrens	11.2 | 49.7	71.5 | 29.8	alliance | horde					Blueprint [foreverchanges 2026-09-24] + catturato in gioco
enchanting	130	Tenets of the Silver Hand	1248754	249477	forever	blueprint	Alynsia | Beneris	Three Corners, Redridge Mountains | The Barrens	11.2 | 49.7	71.5 | 29.8	alliance | horde					Blueprint [foreverchanges 2026-09-24] + catturato in gioco
enchanting	140	Arcane Salvager	1263056	273103	forever	blueprint										Blueprint [foreverchanges 2026-09-24]
enchanting	140	Enchant Bracer - Lesser Agility	1248460	249486	forever	vendor	Gorhak	Desolace								foreverchanges, letto da wowhead
enchanting	140	Enchant Weapon - Insight	1248757	249479	forever	vendor	Alynsia | Beneris	Three Corners, Redridge Mountains | The Barrens	11.2 | 49.7	71.5 | 29.8	alliance | horde					foreverchanges, letto da wowhead + catturato in gioco
enchanting	140	Enchant Weapon - Recovery	1248760	249480	forever	vendor	Alynsia | Beneris	Three Corners, Redridge Mountains | The Barrens	11.2 | 49.7	71.5 | 29.8	alliance | horde					foreverchanges, letto da wowhead + catturato in gioco
enchanting	140	Enchant Weapon - Revelation	1248805	249481	forever	vendor	Alynsia | Beneris	Three Corners, Redridge Mountains | The Barrens	11.2 | 49.7	71.5 | 29.8	alliance | horde					foreverchanges, letto da wowhead + catturato in gioco
enchanting	140	Glimmering Staff	1248703	249482	forever	vendor	Alynsia | Beneris	Three Corners, Redridge Mountains | The Barrens	11.2 | 49.7	71.5 | 29.8	alliance | horde					catturato in gioco
enchanting	140	Orb of Mystic Insight	1248745	249484	forever	vendor	Alynsia | Beneris	Three Corners, Redridge Mountains | The Barrens	11.2 | 49.7	71.5 | 29.8	alliance | horde					catturato in gioco
enchanting	140	Orb of Souls	1248748	249485	forever	vendor	Alynsia | Beneris	Three Corners, Redridge Mountains | The Barrens	11.2 | 49.7	71.5 | 29.8	alliance | horde					catturato in gioco
enchanting	140	Soulstaff	1248739	249483	forever	vendor	Alynsia | Beneris	Three Corners, Redridge Mountains | The Barrens	11.2 | 49.7	71.5 | 29.8	alliance | horde					catturato in gioco
enchanting	185	Twisted Nether Wand	1248461	249487	forever											
enchanting	190	Enchant Bracer - Agility	1248497	249488	forever											
enchanting	205	Enchant Bracer - Lesser Healing Power	1248498	249489	forever	vendor	Gorhak	Desolace								foreverchanges, letto da wowhead
enchanting	210	Enchant 2H Weapon - Lesser Agility	1248510	249511	forever											
enchanting	210	Enchant Necklace - Agility	1249059	249504	forever	vendor	Alynsia | Beneris	Three Corners, Redridge Mountains | The Barrens	11.2 | 49.7	71.5 | 29.8	alliance | horde					foreverchanges, letto da wowhead + catturato in gioco
enchanting	210	Enchant Necklace - Deflection	1249060	249505	forever	vendor	Alynsia | Beneris	Three Corners, Redridge Mountains | The Barrens	11.2 | 49.7	71.5 | 29.8	alliance | horde					foreverchanges, letto da wowhead + catturato in gioco
enchanting	210	Enchant Necklace - Healing Power	1249058	249503	forever	vendor	Alynsia | Beneris	Three Corners, Redridge Mountains | The Barrens	11.2 | 49.7	71.5 | 29.8	alliance | horde					foreverchanges, letto da wowhead + catturato in gioco
enchanting	210	Enchant Necklace - Spell Power	1249057	249502	forever	vendor	Alynsia | Beneris	Three Corners, Redridge Mountains | The Barrens	11.2 | 49.7	71.5 | 29.8	alliance | horde					foreverchanges, letto da wowhead + catturato in gioco
enchanting	210	Enchant Necklace - Strength	1249019	249496	forever	vendor	Alynsia | Beneris	Three Corners, Redridge Mountains | The Barrens	11.2 | 49.7	71.5 | 29.8	alliance | horde					foreverchanges, letto da wowhead + catturato in gioco
enchanting	210	Libram of Invocation	1249006	249494	forever	blueprint	Alynsia | Beneris	Three Corners, Redridge Mountains | The Barrens	11.2 | 49.7	71.5 | 29.8	alliance | horde					Blueprint [foreverchanges 2026-09-24] + catturato in gioco
enchanting	210	Talons of Wrath	1248974	249493	forever	blueprint	Alynsia | Beneris	Three Corners, Redridge Mountains | The Barrens	11.2 | 49.7	71.5 | 29.8	alliance | horde					Blueprint [foreverchanges 2026-09-24] + catturato in gioco
enchanting	210	Totem of Ancestral Protection	1249015	249495	forever	blueprint	Alynsia | Beneris	Three Corners, Redridge Mountains | The Barrens	11.2 | 49.7	71.5 | 29.8	alliance | horde					Blueprint [foreverchanges 2026-09-24] + catturato in gioco
enchanting	215	Dreambough Wand	1248509	249512	forever											
enchanting	220	Dreamstaff	1249064	249507	forever	vendor	Alynsia | Beneris	Three Corners, Redridge Mountains | The Barrens	11.2 | 49.7	71.5 | 29.8	alliance | horde					catturato in gioco
enchanting	220	Enchant 2H Weapon - Lesser Strength	1248511	249513	forever											
enchanting	220	Enchant Chest - Absorption	1249071	249510	forever	vendor	Alynsia | Beneris	Three Corners, Redridge Mountains | The Barrens	11.2 | 49.7	71.5 | 29.8	alliance | horde					foreverchanges, letto da wowhead + catturato in gioco
enchanting	220	Radiant Staff	1249061	249506	forever	vendor	Alynsia | Beneris	Three Corners, Redridge Mountains | The Barrens	11.2 | 49.7	71.5 | 29.8	alliance | horde					catturato in gioco
enchanting	220	Truesilver Conduit	1249069	249508	forever	vendor	Alynsia | Beneris	Three Corners, Redridge Mountains | The Barrens	11.2 | 49.7	71.5 | 29.8	alliance | horde					catturato in gioco
enchanting	220	Twisting Essence Jar	1249070	249509	forever	vendor	Alynsia | Beneris	Three Corners, Redridge Mountains | The Barrens	11.2 | 49.7	71.5 | 29.8	alliance | horde					catturato in gioco
enchanting	240	Enchant Bracer - Greater Agility	1248500	249514	forever											
enchanting	245	Lesser Eternal Wand	1248505	249515	forever											
enchanting	250	Enchant Gloves - Advanced Skinning	1248528	249516	forever											
enchanting	275	Brilliant Wand	1248650	249537	forever	vendor	Alynsia | Beneris	Three Corners, Redridge Mountains | The Barrens	11.2 | 49.7	71.5 | 29.8	alliance | horde					catturato in gioco
enchanting	275	Greater Eternal Wand	1248515	249522	forever											
enchanting	290	Enchant 2H Weapon - Strength	1248668	249523	forever	vendor	Dalria | Kulwia				alliance | horde					Formula sold by Dalria (Alliance) or Kulwia (Horde) [foreverchanges 2026-09-24]
enchanting	295	Enchant Bracer - Superior Agility	1248599	249524	forever											
enchanting	295	Enchant Gloves - Lotus Claw	1294054	274424	forever											
enchanting	300	Arcane Forge	1263082	273116	forever	blueprint										Blueprint [foreverchanges 2026-09-24]
enchanting	300	Enchant 2H Weapon - Mighty Healing Power	1248636	249526	forever	vendor	Alynsia | Beneris	Three Corners, Redridge Mountains | The Barrens	11.2 | 49.7	71.5 | 29.8	alliance | horde					foreverchanges, letto da wowhead + catturato in gioco
enchanting	300	Enchant 2H Weapon - Mighty Spell Power	1248607	249525	forever	vendor	Alynsia | Beneris	Three Corners, Redridge Mountains | The Barrens	11.2 | 49.7	71.5 | 29.8	alliance | horde					foreverchanges, letto da wowhead + catturato in gioco
enchanting	300	Enchant Bracer - Superior Deflection	1248665	249539	forever	vendor	Alynsia | Beneris	Three Corners, Redridge Mountains | The Barrens	11.2 | 49.7	71.5 | 29.8	alliance | horde					foreverchanges, letto da wowhead + catturato in gioco
enchanting	300	Enchant Bracer - Superior Intellect	1248661	249538	forever	vendor	Alynsia | Beneris	Three Corners, Redridge Mountains | The Barrens	11.2 | 49.7	71.5 | 29.8	alliance | horde					foreverchanges, letto da wowhead + catturato in gioco
enchanting	300	Enchant Gloves - Natural Power	1248645	249535	forever	vendor	Alynsia | Beneris	Three Corners, Redridge Mountains | The Barrens	11.2 | 49.7	71.5 | 29.8	alliance | horde					foreverchanges, letto da wowhead + catturato in gioco
enchanting	300	Idol of Swiftness	1306524	279299	forever	blueprint										Blueprint [foreverchanges 2026-09-24]
enchanting	300	Idol of the Dream	1249128	249529	forever	vendor	Alynsia | Beneris	Three Corners, Redridge Mountains | The Barrens	11.2 | 49.7	71.5 | 29.8	alliance | horde					catturato in gioco
enchanting	300	Idol of the Ursine Twins	1306525	279300	forever	blueprint										Blueprint [foreverchanges 2026-09-24]
enchanting	300	Libram of Holy Alacrity	1249152	249530	forever	vendor	Alynsia | Beneris	Three Corners, Redridge Mountains | The Barrens	11.2 | 49.7	71.5 | 29.8	alliance | horde					catturato in gioco
enchanting	300	Libram of Infusion	1306522	279297	forever	blueprint										Blueprint [foreverchanges 2026-09-24]
enchanting	300	Steadfast Libram	1306521	279296	forever	blueprint										Blueprint [foreverchanges 2026-09-24]
enchanting	300	Torch of Light	1306520	279295	forever											
enchanting	300	Totem of Thunder	1249154	249532	forever	vendor	Alynsia | Beneris	Three Corners, Redridge Mountains | The Barrens	11.2 | 49.7	71.5 | 29.8	alliance | horde					catturato in gioco
enchanting	300	Totem of Urgency	1306523	279298	forever	blueprint										Blueprint [foreverchanges 2026-09-24]
enchanting		Dormant  Heart of the Mountain	1249114	249521	forever											
enchanting		Dust to Motes	1245320		forever											
enchanting		Enchant Gloves - Superior Strength	1248640	249533	forever											
enchanting		Frozen Heart of the Mountain	1249107	249519	forever											
enchanting		Molten Heart of the Mountain	1249112	249520	forever											
enchanting		Novice's Practice Wand	1245321		forever											
engineering	25	SAF-T Dynamite	1266905	264202	forever	vendor	Fritz Fizzle | Fizzlefuse	Three Corners, Redridge Mountains | The Barrens	10.5 | 49.8	74.3 | 29.7	alliance | horde					foreverchanges, letto da wowhead + catturato in gioco
engineering	25	SAF-T Tabs	1266893	264201	forever	vendor	Fritz Fizzle | Fizzlefuse	Three Corners, Redridge Mountains | The Barrens	10.5 | 49.8	74.3 | 29.7	alliance | horde					foreverchanges, letto da wowhead + catturato in gioco
engineering	55	SAF-T Copper Bomb	1266906	264203	forever	vendor	Fritz Fizzle | Fizzlefuse	Three Corners, Redridge Mountains | The Barrens	10.5 | 49.8	74.3 | 29.7	alliance | horde					foreverchanges, letto da wowhead + catturato in gioco
engineering	65	Harvester Override Signalcaster	1302161	277470	forever	quest		Westfall								foreverchanges, letto da wowhead
engineering	85	Satchel of Copper Bombs	1317958	285285	forever	vendor	Fritz Fizzle | Fizzlefuse	Three Corners, Redridge Mountains | The Barrens	10.5 | 49.8	74.3 | 29.7	alliance | horde					foreverchanges, letto da wowhead + catturato in gioco
engineering	100	EZ-Thro Wrap	1266907	264204	forever	vendor	Fritz Fizzle | Fizzlefuse	Three Corners, Redridge Mountains | The Barrens	10.5 | 49.8	74.3 | 29.7	alliance | horde					foreverchanges, letto da wowhead + catturato in gioco
engineering	125	Small Purple Rocket	1319154	286076	forever											
engineering	125	Small White Rocket	1319155	286077	forever											
engineering	125	Small Yellow Rocket	1319156	286078	forever											
engineering	130	EZ-Thro Copper Bomb XL	1266908	264205	forever	vendor	Fritz Fizzle | Fizzlefuse	Three Corners, Redridge Mountains | The Barrens	10.5 | 49.8	74.3 | 29.7	alliance | horde					foreverchanges, letto da wowhead + catturato in gioco
engineering	140	Hoof-Shaped Foot Pedal	1286796	269903	forever	vendor	Gorhak	Desolace								foreverchanges, letto da wowhead
engineering	140	Repair Bot	1263034	273092	forever	blueprint										Blueprint [foreverchanges 2026-09-24]
engineering	145	No Slip SAF-T Padding	1266909	264206	forever	vendor	Fritz Fizzle | Fizzlefuse	Three Corners, Redridge Mountains | The Barrens	10.5 | 49.8	74.3 | 29.7	alliance | horde					foreverchanges, letto da wowhead + catturato in gioco
engineering	145	SAF-T Bronze Bomb	1266910	264207	forever											ignota anche alla community [foreverchanges 2026-09-24]
engineering	150	SAF-T Jumbo Dynamite	1266911	264208	forever											ignota anche alla community [foreverchanges 2026-09-24]
engineering	165	Satchel of Bronze Bombs	1317959	285286	forever	vendor	Fritz Fizzle | Fizzlefuse	Three Corners, Redridge Mountains | The Barrens	10.5 | 49.8	74.3 | 29.7	alliance | horde					foreverchanges, letto da wowhead + catturato in gioco
engineering	175	Clanking Cord	1308180	280323	forever	vendor	Fritz Fizzle | Fizzlefuse	Three Corners, Redridge Mountains | The Barrens	10.5 | 49.8	74.3 | 29.7	alliance | horde					foreverchanges, letto da wowhead + catturato in gioco
engineering	175	Gizmo Girdle	1308179	280322	forever	vendor	Fritz Fizzle | Fizzlefuse	Three Corners, Redridge Mountains | The Barrens	10.5 | 49.8	74.3 | 29.7	alliance | horde					foreverchanges, letto da wowhead + catturato in gioco
engineering	175	Large Purple Rocket	1319157	286079	forever											
engineering	175	Large White Rocket	1319158	286080	forever											
engineering	175	Large Yellow Rocket	1319159	286081	forever											
engineering	175	SAF-T Bell	1266912	264209	forever	vendor	Fritz Fizzle | Fizzlefuse	Three Corners, Redridge Mountains | The Barrens	10.5 | 49.8	74.3 | 29.7	alliance | horde					foreverchanges, letto da wowhead + catturato in gioco
engineering	175	Shafety Sheep	1266913	264210	forever											ignota anche alla community [foreverchanges 2026-09-24]
engineering	175	Whimsical Waistwrap	1308178	280321	forever	vendor	Fritz Fizzle | Fizzlefuse	Three Corners, Redridge Mountains | The Barrens	10.5 | 49.8	74.3 | 29.7	alliance | horde					foreverchanges, letto da wowhead + catturato in gioco
engineering	190	Centaur Banner Deployment Device	1286792	269901	forever	vendor	Gorhak	Desolace								foreverchanges, letto da wowhead
engineering	190	EZ-Thro Bronze Mortar	1266915	264212	forever											
engineering	190	EZ-Thro Fireproof Fuse	1266914	264211	forever	vendor	Fritz Fizzle | Fizzlefuse	Three Corners, Redridge Mountains | The Barrens	10.5 | 49.8	74.3 | 29.7	alliance | horde					foreverchanges, letto da wowhead + catturato in gioco
engineering	200	Bent Goggles	1308184	280326	forever	vendor	Fritz Fizzle | Fizzlefuse	Three Corners, Redridge Mountains | The Barrens	10.5 | 49.8	74.3 | 29.7	alliance | horde					foreverchanges, letto da wowhead + catturato in gioco
engineering	200	Dented Goggles	1308186	280328	forever	vendor	Fritz Fizzle | Fizzlefuse	Three Corners, Redridge Mountains | The Barrens	10.5 | 49.8	74.3 | 29.7	alliance | horde					foreverchanges, letto da wowhead + catturato in gioco
engineering	200	EZ-Thro Grenade	1266916	264213	forever											ignota anche alla community [foreverchanges 2026-09-24]
engineering	200	Floppy Goggles	1308183	280325	forever	vendor	Fritz Fizzle | Fizzlefuse	Three Corners, Redridge Mountains | The Barrens	10.5 | 49.8	74.3 | 29.7	alliance | horde					foreverchanges, letto da wowhead + catturato in gioco
engineering	200	Stuckbutton Goggles	1308185	280327	forever	vendor	Fritz Fizzle | Fizzlefuse	Three Corners, Redridge Mountains | The Barrens	10.5 | 49.8	74.3 | 29.7	alliance | horde					foreverchanges, letto da wowhead + catturato in gioco
engineering	215	SAF-T Bomb	1266918	264215	forever											ignota anche alla community [foreverchanges 2026-09-24]
engineering	215	SAF-T Casing	1266917	264214	forever											
engineering	225	Compact Critter Carrier	1266920	264217	forever	vendor	Fritz Fizzle | Fizzlefuse	Three Corners, Redridge Mountains | The Barrens	10.5 | 49.8	74.3 | 29.7	alliance | horde					foreverchanges, letto da wowhead + catturato in gioco
engineering	225	Emergency Field Cloak	1266919	264216	forever	vendor	Fritz Fizzle | Fizzlefuse	Three Corners, Redridge Mountains | The Barrens	10.5 | 49.8	74.3 | 29.7	alliance | horde					foreverchanges, letto da wowhead + catturato in gioco
engineering	225	Purple Rocket Cluster	1319160	286082	forever											
engineering	225	White Rocket Cluster	1319161	286083	forever											
engineering	225	Yellow Rocket Cluster	1319162	286084	forever											
engineering	230	Satchel of Iron Bombs	1317960	285287	forever	vendor	Fritz Fizzle | Fizzlefuse	Three Corners, Redridge Mountains | The Barrens	10.5 | 49.8	74.3 | 29.7	alliance | horde					foreverchanges, letto da wowhead + catturato in gioco
engineering	240	EZ-Thro Tru-Trigger	1266921	264218	forever											
engineering	240	Tru-Trigger Frag Bomb	1266922	264219	forever											ignota anche alla community [foreverchanges 2026-09-24]
engineering	250	Gnomish Army Knife	1266924	264221	forever	vendor	Fritz Fizzle | Fizzlefuse	Three Corners, Redridge Mountains | The Barrens	10.5 | 49.8	74.3 | 29.7	alliance | horde					foreverchanges, letto da wowhead + catturato in gioco
engineering	250	SAF-T Disposable Parachute	1266923	264220	forever	vendor	Fritz Fizzle | Fizzlefuse	Three Corners, Redridge Mountains | The Barrens	10.5 | 49.8	74.3 | 29.7	alliance | horde					foreverchanges, letto da wowhead + catturato in gioco
engineering	260	Unsanctified Grenade	1317270	284870	forever											ignota anche alla community [foreverchanges 2026-09-24]
engineering	275	Large Purple Rocket Cluster	1319163	286085	forever											
engineering	275	Large White Rocket Cluster	1319164	286086	forever											
engineering	275	Large Yellow Rocket Cluster	1319165	286087	forever											
engineering	275	Loot-A-Rang	1266925	264222	forever	vendor	Fritz Fizzle | Fizzlefuse	Three Corners, Redridge Mountains | The Barrens	10.5 | 49.8	74.3 | 29.7	alliance | horde					foreverchanges, letto da wowhead + catturato in gioco
engineering	275	SAF-T Clever Dynamite	1266927	264224	forever											ignota anche alla community [foreverchanges 2026-09-24]
engineering	275	SAF-T Tube	1266926	264223	forever											
engineering	285	EZ-Thro Shell	1266928	264225	forever											
engineering	285	EZ-Thro Thorium Grenade	1266929	264226	forever											ignota anche alla community [foreverchanges 2026-09-24]
engineering	285	Satchel of Dark Iron Bombs	1317961	285288	forever	vendor	Fritz Fizzle | Fizzlefuse	Three Corners, Redridge Mountains | The Barrens	10.5 | 49.8	74.3 | 29.7	alliance | horde					foreverchanges, letto da wowhead + catturato in gioco
engineering	300	Anarchist's Workbench	1263083	273117	forever	blueprint										Blueprint [foreverchanges 2026-09-24]
engineering	300	Dimensional Transporter - Mt. Hyjal	1266936	264233	forever	vendor	Pexmit	Mount Hyjal								foreverchanges, letto da wowhead
engineering	300	EZ and SAF Field Transporter: Mt. Hyjal	1266934	264231	forever											
engineering	300	EZ-Thro Dark Bomb	1266930	264227	forever											ignota anche alla community [foreverchanges 2026-09-24]
engineering	300	EZ-Thro Field Transporter: Gadgetzan	1266932	264229	forever											
engineering	300	EZ-Thro Magnetic Displacer	1266942	264239	forever											
engineering	300	EZ-Thro Mana Bomb	1266931	264228	forever											ignota anche alla community [foreverchanges 2026-09-24]
engineering	300	Gnomish Poultryizer	1266937	264234	forever	vendor	Fritz Fizzle | Fizzlefuse	Three Corners, Redridge Mountains | The Barrens	10.5 | 49.8	74.3 | 29.7	alliance | horde					foreverchanges, letto da wowhead + catturato in gioco
engineering	300	Gnomish Weather Machine	1266939	264236	forever											
engineering	300	Hyper Deluxe Sniper Rifle Mk XVII	1306547	279322	forever											
engineering	300	SAF-T Emergency Ripper: Everlook	1266933	264230	forever											
engineering	300	SAF-T Nitro Boosts	1266941	264238	forever											
engineering	300	SAF-T Teleport	1266943	264240	forever											
engineering	300	SAF-T Ultra Precision Scope	1306546	279321	forever											
engineering	300	Stealthman 52	1266940	264237	forever	vendor	Fritz Fizzle | Fizzlefuse	Three Corners, Redridge Mountains | The Barrens	10.5 | 49.8	74.3 | 29.7	alliance | horde					foreverchanges, letto da wowhead + catturato in gioco
engineering	300	Swiftfeather Arrow	1293849	274389	forever											
engineering	300	Swiftstrike Shot	1293850	274390	forever											
engineering	300	Ultralight Goblin Glider	1266938	264235	forever	vendor	Fritz Fizzle | Fizzlefuse	Three Corners, Redridge Mountains | The Barrens	10.5 | 49.8	74.3 | 29.7	alliance | horde					foreverchanges, letto da wowhead + catturato in gioco
engineering	300	Ultrasafe Rechargeable Battery	1266935	264232	forever	vendor	Fritz Fizzle | Fizzlefuse	Three Corners, Redridge Mountains | The Barrens	10.5 | 49.8	74.3 | 29.7	alliance | horde					foreverchanges, letto da wowhead + catturato in gioco
engineering		Sandpaper	1249634		forever											
first_aid	140	Clever Poultice	1259343	255724	forever											
first_aid	140	Toxin Study	1262996	273105	forever	blueprint										Blueprint [foreverchanges 2026-09-24]
first_aid	155	Greater Healing Potion	1244434	255723	forever											
first_aid	200	Leather Tourniquet	1259348	255726	forever											
first_aid	210	Superior Poultice	1259344	255727	forever											
first_aid	215	Potent Anti-Venom	1259341	255728	forever											
first_aid	215	Superior Healing Potion	1244435	255725	forever											
first_aid	265	Surgical Tourniquet	1259349	255730	forever											
first_aid	275	Major Healing Potion	1244436	255729	forever	vendor	Pexmit	Mount Hyjal								foreverchanges, letto da wowhead
first_aid	280	Powerful Poultice	1259345	255731	forever											
first_aid	300	Plague Doctor's Laboratory	1263001	273118	forever	blueprint										Blueprint [foreverchanges 2026-09-24]
first_aid		Healing Potion	1244433		forever											
first_aid		Lesser Healing Potion	1244432		forever											
first_aid		Minor Healing Potion	1244431		forever											
first_aid		Simple Poultice	1259342		forever											Learned from the trainer [foreverchanges 2026-09-24]
first_aid		Woolen Tourniquet	1259347		forever											
fishing	140	Fishing Rack	1262990	273141	forever											
fishing	300	Fishing Hut	1262998	273119	forever											
herbalism	140	Greenhouse	1262980	273106	forever											
herbalism	300	Seed Hybridizer	1263070	273120	forever											
leatherworking	30	Light Leather Reagent Bag	1302604	277716	forever	vendor	Saenorion	Darnassus			alliance					foreverchanges, letto da wowhead
leatherworking	35	Black Whelp Slippers	1255146	252761	forever	vendor	Granny Finespindle	Ironforge			alliance					foreverchanges, letto da wowhead
leatherworking	35	Dark Leather Boots	1255145	252762	forever	vendor	Granny Finespindle	Ironforge			alliance					foreverchanges, letto da wowhead
leatherworking	35	Moonglow Boots	1255143	252764	forever	vendor	Granny Finespindle	Ironforge			alliance					foreverchanges, letto da wowhead
leatherworking	35	Murloc Scale Shoes	1255144	252763	forever	vendor	Granny Finespindle	Ironforge			alliance					foreverchanges, letto da wowhead
leatherworking	50	Azure Gustwoven Belt	1301454	276961	forever											
leatherworking	50	Azure Gustwoven Bracers	1301452	276959	forever											
leatherworking	50	Azure Windraveled Armguards	1301458	276965	forever											
leatherworking	50	Azure Windraveled Strap	1301460	276967	forever											
leatherworking	50	Cloudy Gustwoven Belt	1301430	276937	forever											
leatherworking	50	Cloudy Gustwoven Bracers	1301428	276935	forever											
leatherworking	50	Cloudy Windraveled Armguards	1301434	276941	forever											
leatherworking	50	Cloudy Windraveled Strap	1301436	276943	forever											
leatherworking	55	Azure Gustwoven Boots	1301456	276963	forever											
leatherworking	55	Azure Gustwoven Gloves	1301453	276960	forever											
leatherworking	55	Azure Windraveled Footwraps	1301462	276969	forever											
leatherworking	55	Azure Windraveled Mitts	1301459	276966	forever											
leatherworking	55	Cloudy Gustwoven Boots	1301432	276939	forever											
leatherworking	55	Cloudy Gustwoven Gloves	1301429	276936	forever											
leatherworking	55	Cloudy Windraveled Footwraps	1301438	276945	forever											
leatherworking	55	Cloudy Windraveled Mitts	1301435	276942	forever											
leatherworking	60	Azure Gustwoven Harness	1301451	276958	forever											
leatherworking	60	Azure Gustwoven Trousers	1301455	276962	forever											
leatherworking	60	Azure Windraveled Jerkin	1301457	276964	forever											
leatherworking	60	Azure Windraveled Pants	1301461	276968	forever											
leatherworking	60	Brawler's Leather Belt	1255142	252765	forever	vendor	Daniel Stitchsong | Pawani	Three Corners, Redridge Mountains | The Barrens	10.0 | 49.6	72.8 | 29.7	alliance | horde					foreverchanges, letto da wowhead + catturato in gioco
leatherworking	60	Cloudy Gustwoven Harness	1301427	276934	forever											
leatherworking	60	Cloudy Gustwoven Trousers	1301431	276938	forever											
leatherworking	60	Cloudy Windraveled Jerkin	1301433	276940	forever											
leatherworking	60	Cloudy Windraveled Pants	1301437	276944	forever											
leatherworking	60	Defender's Leather Belt	1255140	252767	forever	vendor	Daniel Stitchsong | Pawani	Three Corners, Redridge Mountains | The Barrens	10.0 | 49.6	72.8 | 29.7	alliance | horde					foreverchanges, letto da wowhead + catturato in gioco
leatherworking	60	Stormrider's Leather Belt	1255138	252769	forever	vendor	Daniel Stitchsong | Pawani	Three Corners, Redridge Mountains | The Barrens	10.0 | 49.6	72.8 | 29.7	alliance | horde					foreverchanges, letto da wowhead + catturato in gioco
leatherworking	60	Totemic Leather Belt	1255139	252768	forever	vendor	Daniel Stitchsong | Pawani	Three Corners, Redridge Mountains | The Barrens	10.0 | 49.6	72.8 | 29.7	alliance | horde					foreverchanges, letto da wowhead + catturato in gioco
leatherworking	60	Trapper's Leather Belt	1255141	252766	forever	vendor	Daniel Stitchsong | Pawani	Three Corners, Redridge Mountains | The Barrens	10.0 | 49.6	72.8 | 29.7	alliance | horde					foreverchanges, letto da wowhead + catturato in gioco
leatherworking	60	Wisdom's Leather Belt	1255137	252770	forever	vendor	Daniel Stitchsong | Pawani	Three Corners, Redridge Mountains | The Barrens	10.0 | 49.6	72.8 | 29.7	alliance | horde					foreverchanges, letto da wowhead + catturato in gioco
leatherworking	75	Brawler's Leather Gloves	1255130	252777	forever	vendor	Daniel Stitchsong | Pawani	Three Corners, Redridge Mountains | The Barrens	10.0 | 49.6	72.8 | 29.7	alliance | horde					foreverchanges, letto da wowhead + catturato in gioco
leatherworking	75	Defender's Leather Gloves	1255128	252779	forever	vendor	Daniel Stitchsong | Pawani	Three Corners, Redridge Mountains | The Barrens	10.0 | 49.6	72.8 | 29.7	alliance | horde					foreverchanges, letto da wowhead + catturato in gioco
leatherworking	75	Stormrider's Leather Gloves	1255126	252781	forever	vendor	Daniel Stitchsong | Pawani	Three Corners, Redridge Mountains | The Barrens	10.0 | 49.6	72.8 | 29.7	alliance | horde					foreverchanges, letto da wowhead + catturato in gioco
leatherworking	75	Totemic Leather Gloves	1255127	252780	forever	vendor	Daniel Stitchsong | Pawani	Three Corners, Redridge Mountains | The Barrens	10.0 | 49.6	72.8 | 29.7	alliance | horde					foreverchanges, letto da wowhead + catturato in gioco
leatherworking	75	Trapper's Leather Gloves	1255129	252778	forever	vendor	Daniel Stitchsong | Pawani	Three Corners, Redridge Mountains | The Barrens	10.0 | 49.6	72.8 | 29.7	alliance | horde					foreverchanges, letto da wowhead + catturato in gioco
leatherworking	75	Wisdom's Leather Gloves	1255125	252782	forever	vendor	Daniel Stitchsong | Pawani	Three Corners, Redridge Mountains | The Barrens	10.0 | 49.6	72.8 | 29.7	alliance | horde					foreverchanges, letto da wowhead + catturato in gioco
leatherworking	80	Forceful Medium Armor Kit	1255123	252784	forever	vendor	Mahu	Thunder Bluff	43.8	44.9	horde					catturato in gioco
leatherworking	80	Mystic Medium Armor Kit	1255124	252783	forever	vendor	Mahu	Thunder Bluff	43.8	44.9	horde					catturato in gioco
leatherworking	85	Brawler's Leather Boots	1255121	252786	forever	vendor	Daniel Stitchsong | Pawani	Three Corners, Redridge Mountains | The Barrens	10.0 | 49.6	72.8 | 29.7	alliance | horde					foreverchanges, letto da wowhead + catturato in gioco
leatherworking	85	Defender's Leather Boots	1255119	252788	forever	vendor	Daniel Stitchsong | Pawani	Three Corners, Redridge Mountains | The Barrens	10.0 | 49.6	72.8 | 29.7	alliance | horde					foreverchanges, letto da wowhead + catturato in gioco
leatherworking	85	Stormrider's Leather Boots	1255117	252790	forever	vendor	Daniel Stitchsong | Pawani	Three Corners, Redridge Mountains | The Barrens	10.0 | 49.6	72.8 | 29.7	alliance | horde					foreverchanges, letto da wowhead + catturato in gioco
leatherworking	85	Totemic Leather Boots	1255118	252789	forever	vendor	Daniel Stitchsong | Pawani	Three Corners, Redridge Mountains | The Barrens	10.0 | 49.6	72.8 | 29.7	alliance | horde					foreverchanges, letto da wowhead + catturato in gioco
leatherworking	85	Trapper's Leather Boots	1255120	252787	forever	vendor	Daniel Stitchsong | Pawani	Three Corners, Redridge Mountains | The Barrens	10.0 | 49.6	72.8 | 29.7	alliance | horde					foreverchanges, letto da wowhead + catturato in gioco
leatherworking	85	Wisdom's Leather Boots	1255116	252791	forever	vendor	Daniel Stitchsong | Pawani	Three Corners, Redridge Mountains | The Barrens	10.0 | 49.6	72.8 | 29.7	alliance | horde					foreverchanges, letto da wowhead + catturato in gioco
leatherworking	100	Brawler's Leather Hood	1255109	252798	forever	vendor	Daniel Stitchsong | Pawani	Three Corners, Redridge Mountains | The Barrens	10.0 | 49.6	72.8 | 29.7	alliance | horde					foreverchanges, letto da wowhead + catturato in gioco
leatherworking	100	Defender's Leather Hood	1255107	252800	forever	vendor	Daniel Stitchsong | Pawani	Three Corners, Redridge Mountains | The Barrens	10.0 | 49.6	72.8 | 29.7	alliance | horde					foreverchanges, letto da wowhead + catturato in gioco
leatherworking	100	Stormrider's Leather Hood	1255105	252802	forever	vendor	Daniel Stitchsong | Pawani	Three Corners, Redridge Mountains | The Barrens	10.0 | 49.6	72.8 | 29.7	alliance | horde					foreverchanges, letto da wowhead + catturato in gioco
leatherworking	100	Totemic Leather Hood	1255106	252801	forever	vendor	Daniel Stitchsong | Pawani	Three Corners, Redridge Mountains | The Barrens	10.0 | 49.6	72.8 | 29.7	alliance | horde					foreverchanges, letto da wowhead + catturato in gioco
leatherworking	100	Trapper's Leather Hood	1255108	252799	forever	vendor	Daniel Stitchsong | Pawani	Three Corners, Redridge Mountains | The Barrens	10.0 | 49.6	72.8 | 29.7	alliance | horde					foreverchanges, letto da wowhead + catturato in gioco
leatherworking	100	Wisdom's Leather Hood	1255104	252803	forever	vendor	Daniel Stitchsong | Pawani	Three Corners, Redridge Mountains | The Barrens	10.0 | 49.6	72.8 | 29.7	alliance | horde					foreverchanges, letto da wowhead + catturato in gioco
leatherworking	110	Brawler's Leather Tunic	1255102	252805	forever	vendor	Daniel Stitchsong | Pawani	Three Corners, Redridge Mountains | The Barrens	10.0 | 49.6	72.8 | 29.7	alliance | horde					foreverchanges, letto da wowhead + catturato in gioco
leatherworking	110	Defender's Leather Tunic	1255100	252807	forever	vendor	Daniel Stitchsong | Pawani	Three Corners, Redridge Mountains | The Barrens	10.0 | 49.6	72.8 | 29.7	alliance | horde					foreverchanges, letto da wowhead + catturato in gioco
leatherworking	110	Hillman's Leather Boots	1255103	252804	forever											
leatherworking	110	Stormrider's Leather Tunic	1255098	252809	forever	vendor	Daniel Stitchsong | Pawani	Three Corners, Redridge Mountains | The Barrens	10.0 | 49.6	72.8 | 29.7	alliance | horde					foreverchanges, letto da wowhead + catturato in gioco
leatherworking	110	Totemic Leather Tunic	1255099	252808	forever	vendor	Daniel Stitchsong | Pawani	Three Corners, Redridge Mountains | The Barrens	10.0 | 49.6	72.8 | 29.7	alliance | horde					foreverchanges, letto da wowhead + catturato in gioco
leatherworking	110	Trapper's Leather Tunic	1255101	252806	forever	vendor	Daniel Stitchsong | Pawani	Three Corners, Redridge Mountains | The Barrens	10.0 | 49.6	72.8 | 29.7	alliance | horde					foreverchanges, letto da wowhead + catturato in gioco
leatherworking	110	Wisdom's Leather Tunic	1255097	252810	forever	vendor	Daniel Stitchsong | Pawani	Three Corners, Redridge Mountains | The Barrens	10.0 | 49.6	72.8 | 29.7	alliance | horde					foreverchanges, letto da wowhead + catturato in gioco
leatherworking	125	Brawler's Leather Legguards	1255087	252820	forever	vendor	Daniel Stitchsong | Pawani	Three Corners, Redridge Mountains | The Barrens	10.0 | 49.6	72.8 | 29.7	alliance | horde					foreverchanges, letto da wowhead + catturato in gioco
leatherworking	125	Defender's Leather Kilt	1255085	252822	forever	vendor	Daniel Stitchsong | Pawani	Three Corners, Redridge Mountains | The Barrens	10.0 | 49.6	72.8 | 29.7	alliance | horde					foreverchanges, letto da wowhead + catturato in gioco
leatherworking	125	Stormrider's Leather Kilt	1255083	252824	forever	vendor	Daniel Stitchsong | Pawani	Three Corners, Redridge Mountains | The Barrens	10.0 | 49.6	72.8 | 29.7	alliance | horde					foreverchanges, letto da wowhead + catturato in gioco
leatherworking	125	Totemic Leather Leggings	1255084	252823	forever	vendor	Daniel Stitchsong | Pawani	Three Corners, Redridge Mountains | The Barrens	10.0 | 49.6	72.8 | 29.7	alliance | horde					foreverchanges, letto da wowhead + catturato in gioco
leatherworking	125	Trapper's Leather Legguards	1255086	252821	forever	vendor	Daniel Stitchsong | Pawani	Three Corners, Redridge Mountains | The Barrens	10.0 | 49.6	72.8 | 29.7	alliance | horde					foreverchanges, letto da wowhead + catturato in gioco
leatherworking	125	Wisdom's Leather Leggings	1255082	252825	forever	vendor	Daniel Stitchsong | Pawani	Three Corners, Redridge Mountains | The Barrens	10.0 | 49.6	72.8 | 29.7	alliance | horde					foreverchanges, letto da wowhead + catturato in gioco
leatherworking	135	Forceful Heavy Armor Kit	1255095	252812	forever	vendor	Saenorion | Mahu	Darnassus | Thunder Bluff	 | 43.8	 | 44.9	alliance | horde					foreverchanges, letto da wowhead + catturato in gioco
leatherworking	135	Mystic Heavy Armor Kit	1255096	252811	forever	vendor	Saenorion | Mahu	Darnassus | Thunder Bluff	 | 43.8	 | 44.9	alliance | horde					foreverchanges, letto da wowhead + catturato in gioco
leatherworking	140	Tanning Rack	1263031	273096	forever	blueprint										Blueprint [foreverchanges 2026-09-24]
leatherworking	150	Mender's Leather Belt	1255075	252832	forever	vendor	Granny Finespindle	Ironforge			alliance					foreverchanges, letto da wowhead
leatherworking	150	Prowler's Leather Belt	1255081	252826	forever	vendor	Granny Finespindle	Ironforge			alliance					foreverchanges, letto da wowhead
leatherworking	150	Skirmisher's Leather Belt	1255077	252830	forever	vendor	Granny Finespindle	Ironforge			alliance					foreverchanges, letto da wowhead
leatherworking	150	Skulker's Leather Belt	1255080	252827	forever	vendor	Granny Finespindle	Ironforge			alliance					foreverchanges, letto da wowhead
leatherworking	150	Skycaller's Leather Belt	1255076	252831	forever	vendor	Granny Finespindle	Ironforge			alliance					foreverchanges, letto da wowhead
leatherworking	150	Stalker's Leather Belt	1255079	252828	forever	vendor	Granny Finespindle	Ironforge			alliance					foreverchanges, letto da wowhead
leatherworking	150	Warden's Leather Belt	1255078	252829	forever	vendor	Granny Finespindle	Ironforge			alliance					foreverchanges, letto da wowhead
leatherworking	175	Azure Gustwoven Hood	1301536	276986	forever	vendor	Archmage Alvareaux	The Silver Enclave, City of Dalaran	14.0	63.1	alliance					foreverchanges, letto da wowhead + catturato in gioco
leatherworking	175	Azure Gustwoven Spaulders	1301537	276987	forever	vendor	Archmage Alvareaux	The Silver Enclave, City of Dalaran	14.0	63.1	alliance					foreverchanges, letto da wowhead + catturato in gioco
leatherworking	175	Azure Windraveled Cover	1301538	276988	forever	vendor	Archmage Alvareaux	The Silver Enclave, City of Dalaran	14.0	63.1	alliance					foreverchanges, letto da wowhead + catturato in gioco
leatherworking	175	Azure Windraveled Drapes	1301539	276989	forever	vendor	Archmage Alvareaux	The Silver Enclave, City of Dalaran	14.0	63.1	alliance					foreverchanges, letto da wowhead + catturato in gioco
leatherworking	175	Cloudy Gustwoven Hood	1301528	276978	forever	vendor	Sutara Plainstalker	Mulgore			horde					foreverchanges, letto da wowhead
leatherworking	175	Cloudy Gustwoven Spaulders	1301529	276979	forever	vendor	Sutara Plainstalker	Mulgore			horde					foreverchanges, letto da wowhead
leatherworking	175	Cloudy Windraveled Cover	1301530	276980	forever	vendor	Sutara Plainstalker	Mulgore			horde					foreverchanges, letto da wowhead
leatherworking	175	Cloudy Windraveled Drapes	1301531	276981	forever	vendor	Sutara Plainstalker	Mulgore			horde					foreverchanges, letto da wowhead
leatherworking	175	Mender's Leather Gloves	1255065	252842	forever	vendor	Daniel Stitchsong | Pawani	Three Corners, Redridge Mountains | The Barrens	10.0 | 49.6	72.8 | 29.7	alliance | horde					foreverchanges, letto da wowhead + catturato in gioco
leatherworking	175	Prowler's Leather Gloves	1255071	252836	forever	vendor	Daniel Stitchsong | Pawani	Three Corners, Redridge Mountains | The Barrens	10.0 | 49.6	72.8 | 29.7	alliance | horde					foreverchanges, letto da wowhead + catturato in gioco
leatherworking	175	Skirmisher's Leather Gloves	1255067	252840	forever	vendor	Daniel Stitchsong | Pawani	Three Corners, Redridge Mountains | The Barrens	10.0 | 49.6	72.8 | 29.7	alliance | horde					foreverchanges, letto da wowhead + catturato in gioco
leatherworking	175	Skulker's Leather Gloves	1255070	252837	forever	vendor	Daniel Stitchsong | Pawani	Three Corners, Redridge Mountains | The Barrens	10.0 | 49.6	72.8 | 29.7	alliance | horde					foreverchanges, letto da wowhead + catturato in gioco
leatherworking	175	Skycaller's Leather Gloves	1255066	252841	forever	vendor	Daniel Stitchsong | Pawani	Three Corners, Redridge Mountains | The Barrens	10.0 | 49.6	72.8 | 29.7	alliance | horde					foreverchanges, letto da wowhead + catturato in gioco
leatherworking	175	Stalker's Leather Gloves	1255069	252838	forever	vendor	Daniel Stitchsong | Pawani	Three Corners, Redridge Mountains | The Barrens	10.0 | 49.6	72.8 | 29.7	alliance | horde					foreverchanges, letto da wowhead + catturato in gioco
leatherworking	175	Warden's Leather Gloves	1255068	252839	forever	vendor	Daniel Stitchsong | Pawani	Three Corners, Redridge Mountains | The Barrens	10.0 | 49.6	72.8 | 29.7	alliance | horde					foreverchanges, letto da wowhead + catturato in gioco
leatherworking	185	Forceful Thick Armor Kit	1255073	252834	forever	vendor	Daniel Stitchsong | Pawani	Three Corners, Redridge Mountains | The Barrens	10.0 | 49.6	72.8 | 29.7	alliance | horde					foreverchanges, letto da wowhead + catturato in gioco
leatherworking	185	Mystic Thick Armor Kit	1255074	252833	forever	vendor	Gorhak	Desolace								foreverchanges, letto da wowhead
leatherworking	200	Mender's Leather Shoes	1255060	252847	forever											
leatherworking	200	Mender's Mail Boots	1255008	252899	forever											
leatherworking	200	Prowler's Leather Shoes	1255064	252843	forever											
leatherworking	200	Skirmisher's Mail Boots	1255009	252898	forever											
leatherworking	200	Skulker's Leather Shoes	1255063	252844	forever											
leatherworking	200	Skycaller's Leather Shoes	1255061	252846	forever											
leatherworking	200	Skycaller's Mail Boots	1255010	252897	forever											
leatherworking	200	Stalker's Mail Boots	1255011	252896	forever											
leatherworking	200	Warden's Leather Shoes	1255062	252845	forever											
leatherworking	210	Mender's Leather Shoulder	1255055	252852	forever	vendor	Daniel Stitchsong | Pawani	Three Corners, Redridge Mountains | The Barrens	10.0 | 49.6	72.8 | 29.7	alliance | horde					foreverchanges, letto da wowhead + catturato in gioco
leatherworking	210	Mender's Mail Shoulder	1255004	252903	forever	vendor	Daniel Stitchsong | Pawani	Three Corners, Redridge Mountains | The Barrens	10.0 | 49.6	72.8 | 29.7	alliance | horde					foreverchanges, letto da wowhead + catturato in gioco
leatherworking	210	Prowler's Leather Shoulder	1255059	252848	forever	vendor	Daniel Stitchsong | Pawani	Three Corners, Redridge Mountains | The Barrens	10.0 | 49.6	72.8 | 29.7	alliance | horde					foreverchanges, letto da wowhead + catturato in gioco
leatherworking	210	Skirmisher's Mail Shoulder	1255005	252902	forever	vendor	Daniel Stitchsong | Pawani	Three Corners, Redridge Mountains | The Barrens	10.0 | 49.6	72.8 | 29.7	alliance | horde					foreverchanges, letto da wowhead + catturato in gioco
leatherworking	210	Skulker's Leather Shoulder	1255058	252849	forever	vendor	Daniel Stitchsong | Pawani	Three Corners, Redridge Mountains | The Barrens	10.0 | 49.6	72.8 | 29.7	alliance | horde					foreverchanges, letto da wowhead + catturato in gioco
leatherworking	210	Skycaller's Leather Shoulder	1255056	252851	forever	vendor	Daniel Stitchsong | Pawani	Three Corners, Redridge Mountains | The Barrens	10.0 | 49.6	72.8 | 29.7	alliance | horde					foreverchanges, letto da wowhead + catturato in gioco
leatherworking	210	Skycaller's Mail Shoulder	1255006	252901	forever	vendor	Daniel Stitchsong | Pawani	Three Corners, Redridge Mountains | The Barrens	10.0 | 49.6	72.8 | 29.7	alliance | horde					foreverchanges, letto da wowhead + catturato in gioco
leatherworking	210	Stalker's Mail Shoulder	1255007	252900	forever	vendor	Daniel Stitchsong | Pawani	Three Corners, Redridge Mountains | The Barrens	10.0 | 49.6	72.8 | 29.7	alliance | horde					foreverchanges, letto da wowhead + catturato in gioco
leatherworking	210	Warden's Leather Shoulder	1255057	252850	forever	vendor	Daniel Stitchsong | Pawani	Three Corners, Redridge Mountains | The Barrens	10.0 | 49.6	72.8 | 29.7	alliance | horde					foreverchanges, letto da wowhead + catturato in gioco
leatherworking	225	Mender's Leather Bracers	1255050	252857	forever	vendor	Daniel Stitchsong | Pawani	Three Corners, Redridge Mountains | The Barrens	10.0 | 49.6	72.8 | 29.7	alliance | horde					foreverchanges, letto da wowhead + catturato in gioco
leatherworking	225	Mender's Mail Bracers	1255000	252907	forever	vendor	Daniel Stitchsong | Pawani	Three Corners, Redridge Mountains | The Barrens	10.0 | 49.6	72.8 | 29.7	alliance | horde					foreverchanges, letto da wowhead + catturato in gioco
leatherworking	225	Prowler's Leather Bracers	1255054	252853	forever	vendor	Daniel Stitchsong | Pawani	Three Corners, Redridge Mountains | The Barrens	10.0 | 49.6	72.8 | 29.7	alliance | horde					foreverchanges, letto da wowhead + catturato in gioco
leatherworking	225	Skirmisher's Mail Bracers	1255001	252906	forever	vendor	Daniel Stitchsong | Pawani	Three Corners, Redridge Mountains | The Barrens	10.0 | 49.6	72.8 | 29.7	alliance | horde					foreverchanges, letto da wowhead + catturato in gioco
leatherworking	225	Skulker's Leather Bracers	1255053	252854	forever	vendor	Daniel Stitchsong | Pawani	Three Corners, Redridge Mountains | The Barrens	10.0 | 49.6	72.8 | 29.7	alliance | horde					foreverchanges, letto da wowhead + catturato in gioco
leatherworking	225	Skycaller's Leather Bracers	1255051	252856	forever	vendor	Daniel Stitchsong | Pawani	Three Corners, Redridge Mountains | The Barrens	10.0 | 49.6	72.8 | 29.7	alliance | horde					foreverchanges, letto da wowhead + catturato in gioco
leatherworking	225	Skycaller's Mail Bracers	1255002	252905	forever	vendor	Daniel Stitchsong | Pawani	Three Corners, Redridge Mountains | The Barrens	10.0 | 49.6	72.8 | 29.7	alliance | horde					foreverchanges, letto da wowhead + catturato in gioco
leatherworking	225	Stalker's Mail Bracers	1255003	252904	forever	vendor	Daniel Stitchsong | Pawani	Three Corners, Redridge Mountains | The Barrens	10.0 | 49.6	72.8 | 29.7	alliance | horde					foreverchanges, letto da wowhead + catturato in gioco
leatherworking	225	Warden's Leather Bracers	1255052	252855	forever	vendor	Daniel Stitchsong | Pawani	Three Corners, Redridge Mountains | The Barrens	10.0 | 49.6	72.8 | 29.7	alliance | horde					foreverchanges, letto da wowhead + catturato in gioco
leatherworking	230	Charged Scorpid Belt	1254998	252909	forever											
leatherworking	230	Supple Scorpid Boots	1254999	252908	forever											
leatherworking	235	Blue Suede Shoes	1255048	252859	forever											
leatherworking	235	Forceful Rugged Armor Kit	1254965	252942	forever											
leatherworking	235	Mender's Leather Boots	1255043	252864	forever	vendor	Daniel Stitchsong | Pawani	Three Corners, Redridge Mountains | The Barrens	10.0 | 49.6	72.8 | 29.7	alliance | horde					foreverchanges, letto da wowhead + catturato in gioco
leatherworking	235	Mender's Mail Sabatons	1254994	252913	forever	vendor	Daniel Stitchsong | Pawani	Three Corners, Redridge Mountains | The Barrens	10.0 | 49.6	72.8 | 29.7	alliance | horde					foreverchanges, letto da wowhead + catturato in gioco
leatherworking	235	Mystic Rugged Armor Kit	1254966	252941	forever	vendor	Daniel Stitchsong | Pawani	Three Corners, Redridge Mountains | The Barrens	10.0 | 49.6	72.8 | 29.7	alliance | horde					foreverchanges, letto da wowhead + catturato in gioco
leatherworking	235	Prowler's Leather Boots	1255047	252860	forever	vendor	Daniel Stitchsong | Pawani	Three Corners, Redridge Mountains | The Barrens	10.0 | 49.6	72.8 | 29.7	alliance | horde					foreverchanges, letto da wowhead + catturato in gioco
leatherworking	235	Skirmisher's Mail Sabatons	1254995	252912	forever	vendor	Daniel Stitchsong | Pawani	Three Corners, Redridge Mountains | The Barrens	10.0 | 49.6	72.8 | 29.7	alliance | horde					foreverchanges, letto da wowhead + catturato in gioco
leatherworking	235	Skulker's Leather Boots	1255046	252861	forever	vendor	Daniel Stitchsong | Pawani	Three Corners, Redridge Mountains | The Barrens	10.0 | 49.6	72.8 | 29.7	alliance | horde					foreverchanges, letto da wowhead + catturato in gioco
leatherworking	235	Skycaller's Leather Boots	1255044	252863	forever	vendor	Daniel Stitchsong | Pawani	Three Corners, Redridge Mountains | The Barrens	10.0 | 49.6	72.8 | 29.7	alliance | horde					foreverchanges, letto da wowhead + catturato in gioco
leatherworking	235	Skycaller's Mail Sabatons	1254996	252911	forever	vendor	Daniel Stitchsong | Pawani	Three Corners, Redridge Mountains | The Barrens	10.0 | 49.6	72.8 | 29.7	alliance | horde					foreverchanges, letto da wowhead + catturato in gioco
leatherworking	235	Stalker's Mail Sabatons	1254997	252910	forever	vendor	Daniel Stitchsong | Pawani	Three Corners, Redridge Mountains | The Barrens	10.0 | 49.6	72.8 | 29.7	alliance | horde					foreverchanges, letto da wowhead + catturato in gioco
leatherworking	235	Tooled Leather Belt	1255049	252858	forever											
leatherworking	235	Warden's Leather Boots	1255045	252862	forever	vendor	Daniel Stitchsong | Pawani	Three Corners, Redridge Mountains | The Barrens	10.0 | 49.6	72.8 | 29.7	alliance | horde					foreverchanges, letto da wowhead + catturato in gioco
leatherworking	240	Blue Suede Gloves	1255041	252866	forever											
leatherworking	240	Charged Scorpid Helm	1254992	252915	forever											ignota anche alla community [foreverchanges 2026-09-24]
leatherworking	240	Supple Scorpid Leggings	1254993	252914	forever											
leatherworking	240	Tooled Leather Boots	1255042	252865	forever											
leatherworking	250	Charged Scorpid Shoulder	1254990	252917	forever											
leatherworking	250	Mender's Leather Gauntlets	1255036	252871	forever											
leatherworking	250	Mender's Leather Waistguard	1255031	252876	forever	vendor	Daniel Stitchsong | Pawani	Three Corners, Redridge Mountains | The Barrens	10.0 | 49.6	72.8 | 29.7	alliance | horde					foreverchanges, letto da wowhead + catturato in gioco
leatherworking	250	Mender's Mail Belt	1254982	252925	forever	vendor	Daniel Stitchsong | Pawani	Three Corners, Redridge Mountains | The Barrens	10.0 | 49.6	72.8 | 29.7	alliance | horde					foreverchanges, letto da wowhead + catturato in gioco
leatherworking	250	Mender's Mail Gauntlets	1254986	252921	forever											
leatherworking	250	Prowler's Leather Gauntlets	1255040	252867	forever											
leatherworking	250	Prowler's Leather Waistguard	1255035	252872	forever	vendor	Daniel Stitchsong | Pawani	Three Corners, Redridge Mountains | The Barrens	10.0 | 49.6	72.8 | 29.7	alliance | horde					foreverchanges, letto da wowhead + catturato in gioco
leatherworking	250	Skirmisher's Mail Belt	1254983	252924	forever	vendor	Daniel Stitchsong | Pawani	Three Corners, Redridge Mountains | The Barrens	10.0 | 49.6	72.8 | 29.7	alliance | horde					foreverchanges, letto da wowhead + catturato in gioco
leatherworking	250	Skirmisher's Mail Gauntlets	1254987	252920	forever											
leatherworking	250	Skulker's Leather Gauntlets	1255039	252868	forever											
leatherworking	250	Skulker's Leather Waistguard	1255034	252873	forever	vendor	Daniel Stitchsong | Pawani	Three Corners, Redridge Mountains | The Barrens	10.0 | 49.6	72.8 | 29.7	alliance | horde					foreverchanges, letto da wowhead + catturato in gioco
leatherworking	250	Skycaller's Leather Gauntlets	1255037	252870	forever											
leatherworking	250	Skycaller's Leather Waistguard	1255032	252875	forever	vendor	Daniel Stitchsong | Pawani	Three Corners, Redridge Mountains | The Barrens	10.0 | 49.6	72.8 | 29.7	alliance | horde					foreverchanges, letto da wowhead + catturato in gioco
leatherworking	250	Skycaller's Mail Belt	1254984	252923	forever	vendor	Daniel Stitchsong | Pawani	Three Corners, Redridge Mountains | The Barrens	10.0 | 49.6	72.8 | 29.7	alliance | horde					foreverchanges, letto da wowhead + catturato in gioco
leatherworking	250	Skycaller's Mail Gauntlets	1254988	252919	forever											
leatherworking	250	Stalker's Mail Belt	1254985	252922	forever	vendor	Daniel Stitchsong | Pawani	Three Corners, Redridge Mountains | The Barrens	10.0 | 49.6	72.8 | 29.7	alliance | horde					foreverchanges, letto da wowhead + catturato in gioco
leatherworking	250	Stalker's Mail Gauntlets	1254989	252918	forever											
leatherworking	250	Supple Scorpid Bracers	1254991	252916	forever											
leatherworking	250	Warden's Leather Gauntlets	1255038	252869	forever											
leatherworking	250	Warden's Leather Waistguard	1255033	252874	forever	vendor	Daniel Stitchsong | Pawani	Three Corners, Redridge Mountains | The Barrens	10.0 | 49.6	72.8 | 29.7	alliance | horde					foreverchanges, letto da wowhead + catturato in gioco
leatherworking	255	Blue Suede Pants	1255029	252878	forever											
leatherworking	255	Charged Scorpid Bracers	1254980	252927	forever											
leatherworking	255	Charged Scorpid Gauntlets	1254977	252930	forever											
leatherworking	255	Heavy Scorpid Boots	1254979	252928	forever											
leatherworking	255	Supple Scorpid Belt	1254978	252929	forever											
leatherworking	255	Supple Scorpid Shoulder	1254981	252926	forever											
leatherworking	255	Tooled Leather Armor	1255030	252877	forever	vendor	Pexmit	Mount Hyjal								foreverchanges, letto da wowhead
leatherworking	260	Blue Suede Shoulder	1255026	252881	forever											
leatherworking	260	Charged Scorpid Vest	1254975	252932	forever											
leatherworking	260	Supple Scorpid Helm	1254976	252931	forever											ignota anche alla community [foreverchanges 2026-09-24]
leatherworking	260	Tooled Leather Gauntlets	1255027	252880	forever											
leatherworking	260	Wicked Leather Boots	1255028	252879	forever											
leatherworking	265	Blue Suede Armor	1255024	252883	forever											
leatherworking	265	Tooled Leather Crown	1255025	252882	forever											ignota anche alla community [foreverchanges 2026-09-24]
leatherworking	270	Blue Suede Belt	1255021	252886	forever											
leatherworking	270	Charged Scorpid Leggings	1254973	252934	forever											
leatherworking	270	Supple Scorpid Vest	1254974	252933	forever	vendor	Pexmit	Mount Hyjal								foreverchanges, letto da wowhead
leatherworking	270	Tooled Leather Bracers	1255022	252885	forever											
leatherworking	270	Wicked Leather Shoulder	1255023	252884	forever											
leatherworking	275	Blue Suede Bracers	1255019	252888	forever											
leatherworking	275	Tooled Leather Epaulets	1255020	252887	forever											
leatherworking	280	Blue Suede Hat	1255017	252890	forever											ignota anche alla community [foreverchanges 2026-09-24]
leatherworking	280	Charged Scorpid Boots	1254971	252936	forever											
leatherworking	280	Supple Scorpid Sabatons	1254972	252935	forever											
leatherworking	280	Tooled Leather Pants	1255018	252889	forever											
leatherworking	285	Bileblister Claws	1297126	275586	forever											
leatherworking	285	Broodwatcher's Clenchers	1297135	275595	forever											
leatherworking	285	Hivethrasher's Claws	1297129	275589	forever											
leatherworking	285	Scalegut Clenchers	1297132	275592	forever											
leatherworking	290	Bileblister Girdle	1297127	275587	forever											
leatherworking	290	Broodwatcher's Belt	1297136	275596	forever											
leatherworking	290	Hivethrasher's Girdle	1297130	275590	forever											
leatherworking	290	Scalegut Belt	1297133	275593	forever											
leatherworking	295	Bileblister Boots	1297128	275588	forever											
leatherworking	295	Broodwatcher's Treaders	1297137	275597	forever											
leatherworking	295	Hivethrasher's Boots	1297131	275591	forever											
leatherworking	295	Scalegut Treaders	1297134	275594	forever											
leatherworking	300	Black Dragonscale Helm	1254968	252939	forever											ignota anche alla community [foreverchanges 2026-09-24]
leatherworking	300	Blue Dragonscale Helm	1254969	252938	forever											ignota anche alla community [foreverchanges 2026-09-24]
leatherworking	300	Dawn Armor	1255015	252892	forever											
leatherworking	300	Elderwild Pants	1306528	279303	forever											
leatherworking	300	Elderwild Waistcord	1306526	279301	forever											
leatherworking	300	Eternity Pauldrons	1306529	279304	forever											
leatherworking	300	Ironfeather Leggings	1255012	252895	forever											
leatherworking	300	Living Crown	1255016	252891	forever											ignota anche alla community [foreverchanges 2026-09-24]
leatherworking	300	Mourning Handguards	1306531	279306	forever											
leatherworking	300	Outlaw's Collar	1306527	279302	forever											ignota anche alla community [foreverchanges 2026-09-24]
leatherworking	300	Pristine Scorpid Leggings	1254967	252940	forever											
leatherworking	300	Red Dragonscale Leggings	1254970	252937	forever											
leatherworking	300	Sewing Machine	1263079	273121	forever	blueprint										Blueprint [foreverchanges 2026-09-24]
leatherworking	300	Spiritcaller Grips	1299915	276543	forever	vendor	Aisarra Nightmeadow	Mount Hyjal								foreverchanges, letto da wowhead
leatherworking	300	Spiritcaller Leggings	1299914	276542	forever	vendor	Aisarra Nightmeadow	Mount Hyjal								foreverchanges, letto da wowhead
leatherworking	300	Spiritcaller Spaulders	1299916	276544	forever	vendor	Aisarra Nightmeadow	Mount Hyjal								foreverchanges, letto da wowhead
leatherworking	300	Spiritcaller Treads	1299917	276545	forever	vendor	Aisarra Nightmeadow	Mount Hyjal								foreverchanges, letto da wowhead
leatherworking	300	Timbermaw Tunic	1255014	252893	forever											
leatherworking	300	Tranquil Wristguards	1306530	279305	forever											
leatherworking	300	Warbear Helm	1255013	252894	forever											ignota anche alla community [foreverchanges 2026-09-24]
leatherworking	300	Wild Leather Armor Kit	1306532	279307	forever											
leatherworking		Brawler's Leather Armor	1255136	252771	forever											
leatherworking		Brawler's Leather Helm	1255093	252814	forever											
leatherworking		Brawler's Leather Pants	1255115	252792	forever											
leatherworking		Defender's Leather Armor	1255134	252773	forever											
leatherworking		Defender's Leather Helm	1255091	252816	forever											
leatherworking		Defender's Leather Pants	1255113	252794	forever											
leatherworking		Stormrider's Leather Armor	1255132	252775	forever											
leatherworking		Stormrider's Leather Helm	1255089	252818	forever											
leatherworking		Stormrider's Leather Pants	1255111	252796	forever											
leatherworking		Totemic Leather Armor	1255133	252774	forever											
leatherworking		Totemic Leather Helm	1255090	252817	forever											
leatherworking		Totemic Leather Pants	1255112	252795	forever											
leatherworking		Trapper's Leather Armor	1255135	252772	forever											
leatherworking		Trapper's Leather Helm	1255092	252815	forever											
leatherworking		Trapper's Leather Pants	1255114	252793	forever											
leatherworking		Wisdom's Leather Armor	1255131	252776	forever											
leatherworking		Wisdom's Leather Helm	1255088	252819	forever											
leatherworking		Wisdom's Leather Pants	1255110	252797	forever											
mining	140	Rock Garden	1262975	273097	forever											
mining	300	Molten Foundry	1263071	273122	forever											
mining		Smelt Azerothium	1249637		forever											
mining		Smelt Heavy Thorium	1306126		forever											
skill:2933		Smelt Copper (Test)	1240345		forever											
skill:3012		Study	1302508		forever											
skinning	140	Field Guide	1262985	273098	forever											
skinning	300	Trapper's Workbench	1262982	273109	forever											
tailoring	5	Linen Reagent Bag	1257013	253665	forever	vendor	Alexandra Bolero | Jennabink Powerseam | Rann Flamespinner | Lohgan Eva | Mallen Swain | Danielle Zipstitch | Xizk Goodstitch | Mahu | Franklin Hamar | Borya | Wrahk | Elynna | Valdaron | Millie Gregorian | Poranna Snowbraid | Yonada | Vizzklick | Brienna Starglow | Darnall | Outfitter Eric | Dominique Stefano | Taleen Shimmerthread | Othesia Evengale | Angela Ward | Darah | Boramu | Ellie Stonebrow | Antonio Bolero | Dani'ill | Stitch Pinwizzle	Stormwind City | Wetlands | Loch Modan | Duskwood | Hillsbrad Foothills | Duskwood | Stranglethorn Vale | Thunder Bluff | Redridge Mountains | The Drag, Orgrimmar | The Barrens | Darnassus | Darkshore | Undercity | Ironforge | The Barrens | Tanaris | Feralas | Moonglade | Ironforge | Alterac Mountains | Zephras Isle | Zephras Isle | Undercity | The Drag, Orgrimmar | Thunder Bluff | Ironforge | Stormwind City | Darnassus | Riverglades	 |  |  |  |  |  |  | 43.8 |  | 63.2 |  |  |  |  |  |  |  |  |  |  |  |  |  |  | 63.7 | 44.1 |  |  |  | 	 |  |  |  |  |  |  | 44.9 |  | 51.2 |  |  |  |  |  |  |  |  |  |  |  |  |  |  | 50.6 | 45.4 |  |  |  | 	alliance | alliance | alliance | alliance | horde | alliance |  | horde | alliance | horde | horde | alliance | alliance | horde | alliance | horde |  | alliance |  | alliance | alliance |  | alliance | horde | horde | horde | alliance | alliance | alliance | 					foreverchanges, letto da wowhead + catturato in gioco
tailoring	50	Azure Stormsewn Cord	1301466	276973	forever											
tailoring	50	Azure Stormsewn Cuffs	1301464	276971	forever											
tailoring	50	Cloudy Stormsewn Cord	1301442	276949	forever											
tailoring	50	Cloudy Stormsewn Cuffs	1301440	276947	forever											
tailoring	50	Novice Arcanist's Sash	1257368	253886	forever											
tailoring	50	Novice Ardent's Sash	1257369	253888	forever											
tailoring	55	Azure Stormsewn Handwraps	1301465	276972	forever											
tailoring	55	Azure Stormsewn Shoes	1301469	276975	forever											
tailoring	55	Cloudy Stormsewn Handwraps	1301441	276948	forever											
tailoring	55	Cloudy Stormsewn Shoes	1301444	276951	forever											
tailoring	60	Azure Stormsewn Leggings	1301468	276974	forever											
tailoring	60	Azure Stormsewn Vest	1301463	276970	forever											
tailoring	60	Cloudy Stormsewn Leggings	1301443	276950	forever											
tailoring	60	Cloudy Stormsewn Vest	1301439	276946	forever											
tailoring	60	Flame Boots	1257372	253894	forever	vendor	Mivin Shadowweave | Jim'bek	Three Corners, Redridge Mountains | The Barrens	10.0 | 49.6	72.9 | 29.5	alliance | horde					foreverchanges, letto da wowhead + catturato in gioco
tailoring	60	Pearly Boots	1257374	253898	forever	vendor	Mivin Shadowweave | Jim'bek	Three Corners, Redridge Mountains | The Barrens	10.0 | 49.6	72.9 | 29.5	alliance | horde					foreverchanges, letto da wowhead + catturato in gioco
tailoring	60	Pristine Boots	1257370	253890	forever	vendor	Mivin Shadowweave | Jim'bek	Three Corners, Redridge Mountains | The Barrens	10.0 | 49.6	72.9 | 29.5	alliance | horde					foreverchanges, letto da wowhead + catturato in gioco
tailoring	60	Shadow Boots	1257373	253896	forever	vendor	Mivin Shadowweave | Jim'bek	Three Corners, Redridge Mountains | The Barrens	10.0 | 49.6	72.9 | 29.5	alliance | horde					foreverchanges, letto da wowhead + catturato in gioco
tailoring	60	Shining Boots	1257375	253900	forever	vendor	Mivin Shadowweave | Jim'bek	Three Corners, Redridge Mountains | The Barrens	10.0 | 49.6	72.9 | 29.5	alliance | horde					foreverchanges, letto da wowhead + catturato in gioco
tailoring	60	Silky Boots	1257371	253892	forever	vendor	Mivin Shadowweave | Jim'bek	Three Corners, Redridge Mountains | The Barrens	10.0 | 49.6	72.9 | 29.5	alliance | horde					foreverchanges, letto da wowhead + catturato in gioco
tailoring	70	Woolen Reagent Bag	1257017	253668	forever	vendor	Alexandra Bolero | Jennabink Powerseam | Rann Flamespinner | Lohgan Eva | Mallen Swain | Danielle Zipstitch | Xizk Goodstitch | Mahu | Franklin Hamar | Borya | Wrahk | Elynna | Valdaron | Millie Gregorian | Poranna Snowbraid | Yonada | Vizzklick | Brienna Starglow | Darnall | Outfitter Eric | Dominique Stefano | Taleen Shimmerthread | Othesia Evengale | Angela Ward | Darah | Boramu | Ellie Stonebrow | Antonio Bolero | Dani'ill | Stitch Pinwizzle	Stormwind City | Wetlands | Loch Modan | Duskwood | Hillsbrad Foothills | Duskwood | Stranglethorn Vale | Thunder Bluff | Redridge Mountains | The Drag, Orgrimmar | The Barrens | Darnassus | Darkshore | Undercity | Ironforge | The Barrens | Tanaris | Feralas | Moonglade | Ironforge | Alterac Mountains | Zephras Isle | Zephras Isle | Undercity | The Drag, Orgrimmar | Thunder Bluff | Ironforge | Stormwind City | Darnassus | Riverglades	 |  |  |  |  |  |  | 43.8 |  | 63.2 |  |  |  |  |  |  |  |  |  |  |  |  |  |  | 63.7 | 44.1 |  |  |  | 	 |  |  |  |  |  |  | 44.9 |  | 51.2 |  |  |  |  |  |  |  |  |  |  |  |  |  |  | 50.6 | 45.4 |  |  |  | 	alliance | alliance | alliance | alliance | horde | alliance |  | horde | alliance | horde | horde | alliance | alliance | horde | alliance | horde |  | alliance |  | alliance | alliance |  | alliance | horde | horde | horde | alliance | alliance | alliance | 					foreverchanges, letto da wowhead + catturato in gioco
tailoring	75	Filigreed Flame Gown	1257378	253906	forever											
tailoring	75	Filigreed Pearly Gown	1257380	253910	forever											
tailoring	75	Filigreed Pristine Gown	1257376	253902	forever											
tailoring	75	Filigreed Shadow Gown	1257379	253908	forever											
tailoring	75	Filigreed Shining Gown	1257381	253912	forever											
tailoring	75	Filigreed Silky Gown	1257377	253904	forever											
tailoring	75	Flame Gloves	1257384	253918	forever	vendor	Mivin Shadowweave | Jim'bek	Three Corners, Redridge Mountains | The Barrens	10.0 | 49.6	72.9 | 29.5	alliance | horde					foreverchanges, letto da wowhead + catturato in gioco
tailoring	75	Pearly Gloves	1257386	253922	forever	vendor	Mivin Shadowweave | Jim'bek	Three Corners, Redridge Mountains | The Barrens	10.0 | 49.6	72.9 | 29.5	alliance | horde					foreverchanges, letto da wowhead + catturato in gioco
tailoring	75	Pristine Gloves	1257382	253914	forever	vendor	Mivin Shadowweave | Jim'bek	Three Corners, Redridge Mountains | The Barrens	10.0 | 49.6	72.9 | 29.5	alliance | horde					foreverchanges, letto da wowhead + catturato in gioco
tailoring	75	Shadow Gloves	1257385	253920	forever	vendor	Mivin Shadowweave | Jim'bek	Three Corners, Redridge Mountains | The Barrens	10.0 | 49.6	72.9 | 29.5	alliance | horde					foreverchanges, letto da wowhead + catturato in gioco
tailoring	75	Shining Gloves	1257387	253924	forever	vendor	Mivin Shadowweave | Jim'bek	Three Corners, Redridge Mountains | The Barrens	10.0 | 49.6	72.9 | 29.5	alliance | horde					foreverchanges, letto da wowhead + catturato in gioco
tailoring	75	Silky Gloves	1257383	253916	forever	vendor	Mivin Shadowweave | Jim'bek	Three Corners, Redridge Mountains | The Barrens	10.0 | 49.6	72.9 | 29.5	alliance | horde					foreverchanges, letto da wowhead + catturato in gioco
tailoring	85	Flame Sash	1257390	253930	forever	vendor	Mivin Shadowweave | Jim'bek	Three Corners, Redridge Mountains | The Barrens	10.0 | 49.6	72.9 | 29.5	alliance | horde					foreverchanges, letto da wowhead + catturato in gioco
tailoring	85	Pearly Sash	1257392	253934	forever	vendor	Mivin Shadowweave | Jim'bek	Three Corners, Redridge Mountains | The Barrens	10.0 | 49.6	72.9 | 29.5	alliance | horde					foreverchanges, letto da wowhead + catturato in gioco
tailoring	85	Pristine Sash	1257388	253926	forever	vendor	Mivin Shadowweave | Jim'bek	Three Corners, Redridge Mountains | The Barrens	10.0 | 49.6	72.9 | 29.5	alliance | horde					foreverchanges, letto da wowhead + catturato in gioco
tailoring	85	Shadow Sash	1257391	253932	forever	vendor	Mivin Shadowweave | Jim'bek	Three Corners, Redridge Mountains | The Barrens	10.0 | 49.6	72.9 | 29.5	alliance | horde					foreverchanges, letto da wowhead + catturato in gioco
tailoring	85	Shining Sash	1257393	253936	forever	vendor	Mivin Shadowweave | Jim'bek	Three Corners, Redridge Mountains | The Barrens	10.0 | 49.6	72.9 | 29.5	alliance | horde					foreverchanges, letto da wowhead + catturato in gioco
tailoring	85	Silky Sash	1257389	253928	forever	vendor	Mivin Shadowweave | Jim'bek	Three Corners, Redridge Mountains | The Barrens	10.0 | 49.6	72.9 | 29.5	alliance | horde					foreverchanges, letto da wowhead + catturato in gioco
tailoring	100	Filigreed Flame Leggings	1257396	253942	forever											
tailoring	100	Filigreed Pearly Leggings	1257398	253946	forever											
tailoring	100	Filigreed Pristine Leggings	1257394	253938	forever											
tailoring	100	Filigreed Shadow Leggings	1257397	253944	forever											
tailoring	100	Filigreed Shining Leggings	1257399	253948	forever											
tailoring	100	Filigreed Silky Leggings	1257395	253940	forever											
tailoring	100	Flame Circlet	1257402	253954	forever	vendor	Mivin Shadowweave | Jim'bek	Three Corners, Redridge Mountains | The Barrens	10.0 | 49.6	72.9 | 29.5	alliance | horde					foreverchanges, letto da wowhead + catturato in gioco
tailoring	100	Pearly Circlet	1257404	253958	forever	vendor	Mivin Shadowweave | Jim'bek	Three Corners, Redridge Mountains | The Barrens	10.0 | 49.6	72.9 | 29.5	alliance | horde					foreverchanges, letto da wowhead + catturato in gioco
tailoring	100	Pristine Circlet	1257400	253950	forever	vendor	Mivin Shadowweave | Jim'bek	Three Corners, Redridge Mountains | The Barrens	10.0 | 49.6	72.9 | 29.5	alliance | horde					foreverchanges, letto da wowhead + catturato in gioco
tailoring	100	Shadow Circlet	1257403	253956	forever	vendor	Mivin Shadowweave | Jim'bek	Three Corners, Redridge Mountains | The Barrens	10.0 | 49.6	72.9 | 29.5	alliance | horde					foreverchanges, letto da wowhead + catturato in gioco
tailoring	100	Shining Circlet	1257405	253960	forever	vendor	Mivin Shadowweave | Jim'bek	Three Corners, Redridge Mountains | The Barrens	10.0 | 49.6	72.9 | 29.5	alliance | horde					foreverchanges, letto da wowhead + catturato in gioco
tailoring	100	Silky Circlet	1257401	253952	forever	vendor	Mivin Shadowweave | Jim'bek	Three Corners, Redridge Mountains | The Barrens	10.0 | 49.6	72.9 | 29.5	alliance | horde					foreverchanges, letto da wowhead + catturato in gioco
tailoring	110	Flame Gown	1257408	253966	forever	vendor	Mivin Shadowweave | Jim'bek	Three Corners, Redridge Mountains | The Barrens	10.0 | 49.6	72.9 | 29.5	alliance | horde					foreverchanges, letto da wowhead + catturato in gioco
tailoring	110	Pearly Gown	1257410	253970	forever	vendor	Mivin Shadowweave | Jim'bek	Three Corners, Redridge Mountains | The Barrens	10.0 | 49.6	72.9 | 29.5	alliance | horde					foreverchanges, letto da wowhead + catturato in gioco
tailoring	110	Pristine Gown	1257406	253962	forever	vendor	Mivin Shadowweave | Jim'bek	Three Corners, Redridge Mountains | The Barrens	10.0 | 49.6	72.9 | 29.5	alliance | horde					foreverchanges, letto da wowhead + catturato in gioco
tailoring	110	Shadow Gown	1257409	253968	forever	vendor	Mivin Shadowweave | Jim'bek	Three Corners, Redridge Mountains | The Barrens	10.0 | 49.6	72.9 | 29.5	alliance | horde					foreverchanges, letto da wowhead + catturato in gioco
tailoring	110	Shining Gown	1257411	253972	forever	vendor	Mivin Shadowweave | Jim'bek	Three Corners, Redridge Mountains | The Barrens	10.0 | 49.6	72.9 | 29.5	alliance | horde					foreverchanges, letto da wowhead + catturato in gioco
tailoring	110	Silky Gown	1257407	253964	forever	vendor	Mivin Shadowweave | Jim'bek	Three Corners, Redridge Mountains | The Barrens	10.0 | 49.6	72.9 | 29.5	alliance | horde					foreverchanges, letto da wowhead + catturato in gioco
tailoring	125	Filigreed Flame Circlet	1257415	253980	forever											ignota anche alla community [foreverchanges 2026-09-24]
tailoring	125	Filigreed Pearly Circlet	1257417	253984	forever											ignota anche alla community [foreverchanges 2026-09-24]
tailoring	125	Filigreed Pristine Circlet	1257413	253976	forever											ignota anche alla community [foreverchanges 2026-09-24]
tailoring	125	Filigreed Shadow Circlet	1257416	253982	forever											ignota anche alla community [foreverchanges 2026-09-24]
tailoring	125	Filigreed Shining Circlet	1257418	253986	forever											ignota anche alla community [foreverchanges 2026-09-24]
tailoring	125	Filigreed Silky Circlet	1257414	253978	forever											ignota anche alla community [foreverchanges 2026-09-24]
tailoring	125	Flame Leggings	1257421	253992	forever	vendor	Mivin Shadowweave | Jim'bek	Three Corners, Redridge Mountains | The Barrens	10.0 | 49.6	72.9 | 29.5	alliance | horde					foreverchanges, letto da wowhead + catturato in gioco
tailoring	125	Pearly Leggings	1257423	253996	forever	vendor	Mivin Shadowweave | Jim'bek	Three Corners, Redridge Mountains | The Barrens	10.0 | 49.6	72.9 | 29.5	alliance | horde					foreverchanges, letto da wowhead + catturato in gioco
tailoring	125	Pristine Leggings	1257419	253988	forever	vendor	Mivin Shadowweave | Jim'bek	Three Corners, Redridge Mountains | The Barrens	10.0 | 49.6	72.9 | 29.5	alliance | horde					foreverchanges, letto da wowhead + catturato in gioco
tailoring	125	Shadow Leggings	1257422	253994	forever	vendor	Mivin Shadowweave | Jim'bek	Three Corners, Redridge Mountains | The Barrens	10.0 | 49.6	72.9 | 29.5	alliance | horde					foreverchanges, letto da wowhead + catturato in gioco
tailoring	125	Shining Leggings	1257424	253998	forever	vendor	Mivin Shadowweave | Jim'bek	Three Corners, Redridge Mountains | The Barrens	10.0 | 49.6	72.9 | 29.5	alliance | horde					foreverchanges, letto da wowhead + catturato in gioco
tailoring	125	Silk Reagent Bag	1257412	253974	forever	vendor	Gorhak	Desolace								foreverchanges, letto da wowhead
tailoring	125	Silky Leggings	1257420	253990	forever	vendor	Mivin Shadowweave | Jim'bek	Three Corners, Redridge Mountains | The Barrens	10.0 | 49.6	72.9 | 29.5	alliance | horde					foreverchanges, letto da wowhead + catturato in gioco
tailoring	140	Black Slippers	1257429	254008	forever											
tailoring	140	Earthen Leggings	1257425	254000	forever											
tailoring	140	Fiery Slippers	1257428	254006	forever											
tailoring	140	Frothing Slippers	1257427	254004	forever											
tailoring	140	Gilded Slippers	1257426	254002	forever											
tailoring	140	Golden Slippers	1257430	254010	forever											
tailoring	140	Radiant Slippers	1257431	254012	forever											
tailoring	140	Spinning Wheel	1263032	273099	forever											
tailoring	145	Earthen Silk Slippers	1257432	254014	forever											
tailoring	150	Earthen Silk Hood	1257433	254016	forever											ignota anche alla community [foreverchanges 2026-09-24]
tailoring	160	Earthen Silk Gloves	1257434	254018	forever											
tailoring	165	Black Handwraps	1257439	254028	forever	vendor	Mivin Shadowweave | Jim'bek	Three Corners, Redridge Mountains | The Barrens	10.0 | 49.6	72.9 | 29.5	alliance | horde					foreverchanges, letto da wowhead + catturato in gioco
tailoring	165	Earthen Silk Cuffs	1257435	254020	forever											
tailoring	165	Fiery Handwraps	1257438	254026	forever	vendor	Mivin Shadowweave | Jim'bek	Three Corners, Redridge Mountains | The Barrens	10.0 | 49.6	72.9 | 29.5	alliance | horde					foreverchanges, letto da wowhead + catturato in gioco
tailoring	165	Frothing Handwraps	1257437	254024	forever	vendor	Mivin Shadowweave | Jim'bek	Three Corners, Redridge Mountains | The Barrens	10.0 | 49.6	72.9 | 29.5	alliance | horde					foreverchanges, letto da wowhead + catturato in gioco
tailoring	165	Gilded Handwraps	1257436	254022	forever											
tailoring	165	Golden Handwraps	1257440	254030	forever	vendor	Mivin Shadowweave | Jim'bek	Three Corners, Redridge Mountains | The Barrens	10.0 | 49.6	72.9 | 29.5	alliance | horde					foreverchanges, letto da wowhead + catturato in gioco
tailoring	165	Radiant Handwraps	1257441	254032	forever	vendor	Mivin Shadowweave | Jim'bek	Three Corners, Redridge Mountains | The Barrens	10.0 | 49.6	72.9 | 29.5	alliance | horde					foreverchanges, letto da wowhead + catturato in gioco
tailoring	170	Earthen Silk Shoulders	1257442	254034	forever											
tailoring	175	Azure Stormsewn Cowl	1301540	276990	forever	vendor	Archmage Alvareaux	The Silver Enclave, City of Dalaran	14.0	63.1	alliance					foreverchanges, letto da wowhead + catturato in gioco
tailoring	175	Azure Stormsewn Epaulets	1301541	276991	forever	vendor	Archmage Alvareaux	The Silver Enclave, City of Dalaran	14.0	63.1	alliance					foreverchanges, letto da wowhead + catturato in gioco
tailoring	175	Cloudy Stormsewn Cowl	1301532	276982	forever	vendor	Sutara Plainstalker	Mulgore			horde					foreverchanges, letto da wowhead
tailoring	175	Cloudy Stormsewn Epaulets	1301533	276983	forever	vendor	Sutara Plainstalker	Mulgore			horde					foreverchanges, letto da wowhead
tailoring	190	Black Cord	1257447	254044	forever											
tailoring	190	Fiery Cord	1257446	254042	forever											
tailoring	190	Frothing Cord	1257445	254040	forever											
tailoring	190	Gilded Cord	1257444	254038	forever											
tailoring	190	Golden Cord	1257448	254046	forever											
tailoring	190	Mageweave Reagent Bag	1257443	254036	forever	vendor	Mivin Shadowweave | Jim'bek	Three Corners, Redridge Mountains | The Barrens	10.0 | 49.6	72.9 | 29.5	alliance | horde					foreverchanges, letto da wowhead + catturato in gioco
tailoring	190	Radiant Cord	1257449	254048	forever											
tailoring	195	Netherflame Shoulders	1257452	254054	forever	vendor	Mivin Shadowweave | Jim'bek	Three Corners, Redridge Mountains | The Barrens	10.0 | 49.6	72.9 | 29.5	alliance | horde					foreverchanges, letto da wowhead + catturato in gioco
tailoring	195	Netherfroth Shoulders	1257451	254052	forever	vendor	Mivin Shadowweave | Jim'bek	Three Corners, Redridge Mountains | The Barrens	10.0 | 49.6	72.9 | 29.5	alliance | horde					foreverchanges, letto da wowhead + catturato in gioco
tailoring	195	Nethergeld Shoulders	1257450	254050	forever	vendor	Mivin Shadowweave | Jim'bek	Three Corners, Redridge Mountains | The Barrens	10.0 | 49.6	72.9 | 29.5	alliance | horde					foreverchanges, letto da wowhead + catturato in gioco
tailoring	195	Netherlight Shoulders	1257455	254060	forever	vendor	Mivin Shadowweave | Jim'bek	Three Corners, Redridge Mountains | The Barrens	10.0 | 49.6	72.9 | 29.5	alliance | horde					foreverchanges, letto da wowhead + catturato in gioco
tailoring	195	Netherpearl Shoulders	1257453	254056	forever	vendor	Mivin Shadowweave | Jim'bek	Three Corners, Redridge Mountains | The Barrens	10.0 | 49.6	72.9 | 29.5	alliance | horde					foreverchanges, letto da wowhead + catturato in gioco
tailoring	195	Nethershine Shoulders	1257454	254058	forever	vendor	Mivin Shadowweave | Jim'bek	Three Corners, Redridge Mountains | The Barrens	10.0 | 49.6	72.9 | 29.5	alliance | horde					foreverchanges, letto da wowhead + catturato in gioco
tailoring	205	Netherflame Cuffs	1257458	254066	forever	vendor	Mivin Shadowweave | Jim'bek	Three Corners, Redridge Mountains | The Barrens	10.0 | 49.6	72.9 | 29.5	alliance | horde					foreverchanges, letto da wowhead + catturato in gioco
tailoring	205	Netherfroth Cuffs	1257457	254064	forever	vendor	Mivin Shadowweave | Jim'bek	Three Corners, Redridge Mountains | The Barrens	10.0 | 49.6	72.9 | 29.5	alliance | horde					foreverchanges, letto da wowhead + catturato in gioco
tailoring	205	Nethergeld Cuffs	1257456	254062	forever	vendor	Mivin Shadowweave | Jim'bek	Three Corners, Redridge Mountains | The Barrens	10.0 | 49.6	72.9 | 29.5	alliance | horde					foreverchanges, letto da wowhead + catturato in gioco
tailoring	205	Netherlight Cuffs	1257461	254072	forever	vendor	Mivin Shadowweave | Jim'bek	Three Corners, Redridge Mountains | The Barrens	10.0 | 49.6	72.9 | 29.5	alliance | horde					foreverchanges, letto da wowhead + catturato in gioco
tailoring	205	Netherpearl Cuffs	1257459	254068	forever	vendor	Mivin Shadowweave | Jim'bek	Three Corners, Redridge Mountains | The Barrens	10.0 | 49.6	72.9 | 29.5	alliance | horde					foreverchanges, letto da wowhead + catturato in gioco
tailoring	205	Nethershine Cuffs	1257460	254070	forever	vendor	Mivin Shadowweave | Jim'bek	Three Corners, Redridge Mountains | The Barrens	10.0 | 49.6	72.9 | 29.5	alliance | horde					foreverchanges, letto da wowhead + catturato in gioco
tailoring	215	Black Waistcord	1257469	254088	forever	vendor	Mivin Shadowweave | Jim'bek	Three Corners, Redridge Mountains | The Barrens	10.0 | 49.6	72.9 | 29.5	alliance | horde					foreverchanges, letto da wowhead + catturato in gioco
tailoring	215	Earthenweave Cord	1257464	254078	forever											
tailoring	215	Earthenweave Gloves	1257463	254076	forever											
tailoring	215	Fiery Waistcord	1257468	254086	forever	vendor	Mivin Shadowweave | Jim'bek	Three Corners, Redridge Mountains | The Barrens	10.0 | 49.6	72.9 | 29.5	alliance | horde					foreverchanges, letto da wowhead + catturato in gioco
tailoring	215	Frothing Waistcord	1257467	254084	forever	vendor	Mivin Shadowweave | Jim'bek	Three Corners, Redridge Mountains | The Barrens	10.0 | 49.6	72.9 | 29.5	alliance | horde					foreverchanges, letto da wowhead + catturato in gioco
tailoring	215	Ghostweave Cord	1257462	254074	forever											
tailoring	215	Gilded Waistcord	1257466	254082	forever	vendor	Mivin Shadowweave | Jim'bek	Three Corners, Redridge Mountains | The Barrens	10.0 | 49.6	72.9 | 29.5	alliance | horde					foreverchanges, letto da wowhead + catturato in gioco
tailoring	215	Golden Waistcord	1257470	254090	forever	vendor	Mivin Shadowweave | Jim'bek	Three Corners, Redridge Mountains | The Barrens	10.0 | 49.6	72.9 | 29.5	alliance | horde					foreverchanges, letto da wowhead + catturato in gioco
tailoring	215	Radiant Waistcord	1257471	254092	forever	vendor	Mivin Shadowweave | Jim'bek	Three Corners, Redridge Mountains | The Barrens	10.0 | 49.6	72.9 | 29.5	alliance | horde					foreverchanges, letto da wowhead + catturato in gioco
tailoring	215	Runecloth Reagent Bag	1257465	254080	forever	vendor	Mivin Shadowweave | Jim'bek	Three Corners, Redridge Mountains | The Barrens	10.0 | 49.6	72.9 | 29.5	alliance | horde					foreverchanges, letto da wowhead + catturato in gioco
tailoring	225	Earthenweave Boots	1257472	254094	forever											
tailoring	235	Black Gloves	1257476	254102	forever											
tailoring	235	Black Sandals	1257482	254114	forever	vendor	Mivin Shadowweave | Jim'bek	Three Corners, Redridge Mountains | The Barrens	10.0 | 49.6	72.9 | 29.5	alliance | horde					foreverchanges, letto da wowhead + catturato in gioco
tailoring	235	Fiery Gloves	1257475	254100	forever											
tailoring	235	Fiery Sandals	1257481	254112	forever	vendor	Mivin Shadowweave | Jim'bek	Three Corners, Redridge Mountains | The Barrens	10.0 | 49.6	72.9 | 29.5	alliance | horde					foreverchanges, letto da wowhead + catturato in gioco
tailoring	235	Frothing Gloves	1257474	254098	forever											
tailoring	235	Frothing Sandals	1257480	254110	forever	vendor	Mivin Shadowweave | Jim'bek	Three Corners, Redridge Mountains | The Barrens	10.0 | 49.6	72.9 | 29.5	alliance | horde					foreverchanges, letto da wowhead + catturato in gioco
tailoring	235	Gilded Gloves	1257473	254096	forever											
tailoring	235	Gilded Sandals	1257479	254108	forever	vendor	Mivin Shadowweave | Jim'bek	Three Corners, Redridge Mountains | The Barrens	10.0 | 49.6	72.9 | 29.5	alliance | horde					foreverchanges, letto da wowhead + catturato in gioco
tailoring	235	Golden Gloves	1257477	254104	forever											
tailoring	235	Golden Sandals	1257483	254116	forever	vendor	Mivin Shadowweave | Jim'bek	Three Corners, Redridge Mountains | The Barrens	10.0 | 49.6	72.9 | 29.5	alliance | horde					foreverchanges, letto da wowhead + catturato in gioco
tailoring	235	Radiant Gloves	1257478	254106	forever											
tailoring	235	Radiant Sandals	1257484	254118	forever	vendor	Mivin Shadowweave | Jim'bek	Three Corners, Redridge Mountains | The Barrens	10.0 | 49.6	72.9 | 29.5	alliance | horde					foreverchanges, letto da wowhead + catturato in gioco
tailoring	240	Earthenweave Mantle	1257485	254120	forever											
tailoring	245	Earthenweave Leggings	1257488	254126	forever											
tailoring	250	Earthenweave Vest	1257486	254122	forever											
tailoring	250	Ghostweave Mantle	1257489	254128	forever											
tailoring	250	Runecloth Cuffs	1257487	254124	forever	vendor	Pexmit	Mount Hyjal								foreverchanges, letto da wowhead
tailoring	255	Earthenweave Cuffs	1257491	254132	forever											
tailoring	255	Ghostweave Boots	1257490	254130	forever											
tailoring	255	Mooncloth Reagent Bag	1257492	254134	forever											
tailoring	260	Earthenweave Crown	1257494	254138	forever											ignota anche alla community [foreverchanges 2026-09-24]
tailoring	260	Ghostweave Hood	1257493	254136	forever											ignota anche alla community [foreverchanges 2026-09-24]
tailoring	285	Swarmtender's Gloves	1297123	275583	forever											
tailoring	285	Venomspew Gloves	1297120	275580	forever											
tailoring	290	Swarmtender's Cord	1297124	275584	forever											
tailoring	290	Venomspew Cord	1297121	275581	forever											
tailoring	295	Swarmtender's Footpads	1297125	275585	forever											
tailoring	295	Venomspew Footpads	1297122	275582	forever											
tailoring	300	Bottomless Reagent Bag	1257495	254140	forever											
tailoring	300	Cloak of Earth and Sky	1306544	279319	forever											
tailoring	300	Fel Cape	1306543	279318	forever											
tailoring	300	Felblood Soul Bag	1306545	279320	forever											
tailoring	300	Loom	1263080	273124	forever											
tailoring	300	Mana-infused Cord	1306541	279316	forever											
tailoring	300	Rime-encrusted Boots	1306542	279317	forever											
tailoring	300	Robes of Fiery Devastation	1306540	279315	forever											
tailoring		Faction Banner	1263425		forever											
alchemy	50	Elixir of Minor Agility	3230	2553	vanilla	worldDrop							true			da vanilla, dataset TBC
alchemy	50	Elixir of Minor Fortitude	2334	2554	vanilla	trainer										da vanilla, dataset TBC
alchemy	50	Minor Discolored Healing Potion	4508	4597	vanilla	quest		Silverpine Forest			horde					da vanilla, dataset TBC
alchemy	60	Rage Potion	6617	5640	vanilla	vendor	Xandar Goodbeard | Hagrus | Defias Profiteer | Ranik	Loch Modan | Orgrimmar | Westfall | The Barrens			alliance | horde |  | 					da vanilla, dataset TBC
alchemy	60	Swiftness Potion	2335	2555	vanilla	worldDrop							true			da vanilla, dataset TBC
alchemy	90	Elixir of Coalesced Regret	426607	210709	sod											
alchemy	90	Elixir of Giant Growth	8240	6663	vanilla	worldDrop							true			da vanilla, dataset TBC
alchemy	100	Holy Protection Potion	7255	6053	vanilla	vendor	Xandar Goodbeard | Kzixx | Hula'mahi	Loch Modan | Duskwood | The Barrens			alliance |  | horde					da vanilla, dataset TBC
alchemy	110	Minor Magic Resistance Potion	3172	3393	vanilla	worldDrop							true			da vanilla, dataset TBC
alchemy	120	Potion of Poison Cleansing	3174	3394	vanilla	worldDrop							true			da vanilla, dataset TBC
alchemy	135	Shadow Protection Potion	7256	6054	vanilla	vendor	Christoph Jeffcoat | Harklan Moongrove	Hillsbrad Foothills | Ashenvale			horde | alliance					da vanilla, dataset TBC
alchemy	140	Elixir of Lesser Agility	2333	3396	vanilla	worldDrop							true			da vanilla, dataset TBC
alchemy	150	Elixir of Ogre Strength	3188	6211	vanilla	worldDrop							true			da vanilla, dataset TBC
alchemy	150	Free Action Potion	6624	5642	vanilla	vendor	Soolie Berryfizz | Ulthir | Kor'geld	Ironforge | Darnassus | The Drag, Orgrimmar	 |  | 56.1	 |  | 34.1	alliance | alliance | horde					da vanilla, dataset TBC + catturato in gioco
alchemy	165	Fire Protection Potion	7257	6055	vanilla	vendor	Jeeda | Nandar Branson	Stonetalon Mountains | Hillsbrad Foothills			horde | alliance					da vanilla, dataset TBC
alchemy	165	Shadow Oil	3449	6068	vanilla	vendor	Bliztik | Montarr	Duskwood | Thousand Needles			 | horde					da vanilla, dataset TBC
alchemy	175	Elixir of Lesser Fortitude	3450	3830	vanilla	trainer										da vanilla, dataset TBC
alchemy	175	Great Rage Potion	6618	5643	vanilla	vendor	Hagrus | Ulthir	Orgrimmar | Darnassus			horde | alliance					da vanilla, dataset TBC
alchemy	180	Troll's Blood Elixir	3451	3831	vanilla	worldDrop							true			da vanilla, dataset TBC
alchemy	190	Elixir of Frost Power	21923	17709	vanilla	worldEvent										da vanilla, dataset TBC
alchemy	190	Frost Protection Potion	7258	6056	vanilla	vendor	Drovnar Strongbrew | Glyx Brewright	Arathi Highlands | Stranglethorn Vale			alliance | 					da vanilla, dataset TBC
alchemy	190	Lesser Arcane Elixir	439960	217399	sod	vendor										quartermaster a Merchant's Favor -- 45 Merchant's Favor skill 65 to 140 [foreverchanges 2026-09-24]
alchemy	190	Nature Protection Potion	7259	6057	vanilla	vendor	Logannas | Bronk | Glyx Brewright | Alchemist Pestlezugg	Feralas | Feralas | Stranglethorn Vale | Tanaris			alliance | horde |  | 					da vanilla, dataset TBC
alchemy	195	Draught of Detect Lesser Invisibility	3453	3832	vanilla	worldDrop							true			da vanilla, dataset TBC
alchemy	200	Frost Oil	3454	14634	vanilla	vendor	Bro'kin	Alterac Mountains								da vanilla, dataset TBC
alchemy	210	Goblin Rocket Fuel	11456	10644	vanilla	trainer										da vanilla, dataset TBC
alchemy	210	Magic Resistance Potion	11453	9293	vanilla	worldDrop							true			da vanilla, dataset TBC
alchemy	215	Lesser Stoneshield Potion	4942	4624	vanilla	quest		Badlands								da vanilla, dataset TBC
alchemy	225	Philosopher's Stone	11459	9303	vanilla	vendor	Alchemist Pestlezugg	Tanaris								da vanilla, dataset TBC
alchemy	225	Transmute: Iron to Gold	11479	9304	vanilla	vendor	Alchemist Pestlezugg	Tanaris								da vanilla, dataset TBC
alchemy	225	Transmute: Mithril to Truesilver	11480	9305	vanilla	vendor	Alchemist Pestlezugg	Tanaris								da vanilla, dataset TBC
alchemy	225	Wildvine Potion	11458	9294	vanilla	worldDrop							true			da vanilla, dataset TBC
alchemy	235	Invisibility Potion	11464	9295	vanilla	worldDrop							true			da vanilla, dataset TBC
alchemy	240	Draught of Dream Vision	11468	9297	vanilla	worldDrop							true			da vanilla, dataset TBC
alchemy	240	Gift of Arthas	11466	9296	vanilla	drop		Western Plaguelands								da vanilla, dataset TBC
alchemy	245	Elixir of Greater Strength	11472	9298	vanilla	worldDrop							true			da vanilla, dataset TBC
alchemy	245	Ghost Dye	11473	9302	vanilla	vendor	Logannas | Bronk	Feralas | Feralas			alliance | horde					da vanilla, dataset TBC
alchemy	250	Elixir of Holy Power	26277	21547	vanilla	drop		Searing Gorge								da vanilla, dataset TBC
alchemy	250	Elixir of Shadow Power	11476	9301	vanilla	vendor	Maria Lumere | Algernon	Stormwind City | Undercity			alliance | horde					da vanilla, dataset TBC
alchemy	250	Limited Invulnerability Potion	3175	3395	vanilla	worldDrop							true			da vanilla, dataset TBC
alchemy	250	Major Discolored Healing Potion	1231583	241651	sod											
alchemy	250	Potion of Demonslaying	11477	9300	vanilla	vendor	Rartar | Nina Lightbrew	Swamp of Sorrows | Blasted Lands			horde | alliance					da vanilla, dataset TBC
alchemy	255	Mighty Rage Potion	17552	13476	vanilla	trainer										da vanilla, dataset TBC
alchemy	260	Superior Mana Potion	17553	13477	vanilla	trainer										da vanilla, dataset TBC
alchemy	265	Elixir of Greater Defense	17554	13478	vanilla	vendor	Soolie Berryfizz | Kor'geld	Ironforge | The Drag, Orgrimmar	 | 56.1	 | 34.1	alliance | horde					da vanilla, dataset TBC + catturato in gioco
alchemy	270	Elixir of the Sages	17555	13479	vanilla	trainer										da vanilla, dataset TBC
alchemy	275	Alchemist's Stone	17632	13517	vanilla	vendor	Almaador	Shattrath City								da vanilla, dataset TBC
alchemy	275	Elixir of Brute Force	17557	13481	vanilla	trainer										da vanilla, dataset TBC
alchemy	275	Greater Dreamless Sleep Potion	24366	20012	vanilla	vendor	Rin'wosho the Trader	Stranglethorn Vale								da vanilla, dataset TBC
alchemy	275	Mageblood Elixir	24365	20011	vanilla	vendor	Rin'wosho the Trader	Stranglethorn Vale								da vanilla, dataset TBC
alchemy	275	Transmute: Air to Fire	17559	13482	vanilla	vendor	Argent Quartermaster Hasana | Quartermaster Miranda Breechlock | Argent Quartermaster Lightspark	Tirisfal Glades | Eastern Plaguelands | Western Plaguelands								da vanilla, dataset TBC
alchemy	275	Transmute: Arcanite	17187	12958	vanilla	vendor	Alchemist Pestlezugg	Tanaris								da vanilla, dataset TBC
alchemy	275	Transmute: Earth to Life	17566	13489	vanilla	worldDrop							true			da vanilla, dataset TBC
alchemy	275	Transmute: Earth to Water	17561	13484	vanilla	vendor	Meilosh	Felwood			horde					da vanilla, dataset TBC
alchemy	275	Transmute: Fire to Earth	17560	13483	vanilla	vendor	Plugger Spazzring	Blackrock Depths								da vanilla, dataset TBC
alchemy	275	Transmute: Life to Earth	17565	13488	vanilla	worldDrop							true			da vanilla, dataset TBC
alchemy	275	Transmute: Undeath to Water	17563	13486	vanilla	worldDrop							true			da vanilla, dataset TBC
alchemy	275	Transmute: Water to Air	17562	13485	vanilla	vendor	Magnus Frostwake	Western Plaguelands								da vanilla, dataset TBC
alchemy	275	Transmute: Water to Undeath	17564	13487	vanilla	worldDrop							true			da vanilla, dataset TBC
alchemy	280	Elixir of the Mongoose	17571	13491	vanilla	drop		Azshara | Felwood								da vanilla, dataset TBC
alchemy	280	Greater Stoneshield Potion	17570	13490	vanilla	worldDrop							true			da vanilla, dataset TBC
alchemy	285	Greater Arcane Elixir	17573	13493	vanilla	trainer										da vanilla, dataset TBC
alchemy	285	Living Action Potion	24367	20013	vanilla	vendor	Rin'wosho the Trader	Stranglethorn Vale								da vanilla, dataset TBC
alchemy	285	Purification Potion	17572	13492	vanilla	trainer										da vanilla, dataset TBC
alchemy	290	Greater Arcane Protection Potion	17577	13497	vanilla	drop		Winterspring								da vanilla, dataset TBC
alchemy	290	Greater Fire Protection Potion	17574	13494	vanilla	drop		Blackrock Spire								da vanilla, dataset TBC
alchemy	290	Greater Frost Protection Potion	17575	13495	vanilla	drop		Winterspring								da vanilla, dataset TBC
alchemy	290	Greater Holy Protection Potion	17579	13500	vanilla	drop	Scarlet Alchemist	Scarlet Enclave								foreverchanges, letto da wowhead
alchemy	290	Greater Nature Protection Potion	17576	13496	vanilla	drop		Western Plaguelands								da vanilla, dataset TBC
alchemy	290	Greater Shadow Protection Potion	17578	13499	vanilla	drop		Eastern Plaguelands								da vanilla, dataset TBC
alchemy	290	Major Troll's Blood Elixir	24368	20014	vanilla	vendor	Rin'wosho the Trader	Stranglethorn Vale								da vanilla, dataset TBC
alchemy	295	Major Mana Potion	17580	13501	vanilla	vendor	Magnus Frostwake	Western Plaguelands								da vanilla, dataset TBC
alchemy	300	Flask of Chromatic Resistance	17638	13522	vanilla	vendor	Nakodu	Shattrath City								da vanilla, dataset TBC
alchemy	300	Flask of Distilled Wisdom	17636	13520	vanilla	vendor	Fedryen Swiftspear	Zangarmarsh								da vanilla, dataset TBC
alchemy	300	Flask of Petrification	17634	13518	vanilla	worldDrop							true			da vanilla, dataset TBC
alchemy	300	Flask of Supreme Power	17637	13521	vanilla	vendor	Alurmi	Tanaris								da vanilla, dataset TBC
alchemy	300	Flask of the Titans	17635	13519	vanilla	vendor	Almaador	Shattrath City								da vanilla, dataset TBC
alchemy	300	Major Rejuvenation Potion	22732	18257	vanilla	drop		Molten Core								da vanilla, dataset TBC
alchemy	300	Transmute: Elemental Fire	25146	20761	vanilla	vendor	Lokhtos Darkbargainer	Blackrock Depths								da vanilla, dataset TBC
alchemy		Arcane Elixir	11461		vanilla	trainer										da vanilla, dataset TBC
alchemy		Blackmouth Oil	7836		vanilla	trainer										da vanilla, dataset TBC
alchemy		Catseye Draught	12609		vanilla	trainer										da vanilla, dataset TBC
alchemy		Draught of Detect Demon	11478		vanilla	trainer										da vanilla, dataset TBC
alchemy		Draught of Detect Undead	11460		vanilla	trainer										da vanilla, dataset TBC
alchemy		Draught of Greater Water Breathing	22808		vanilla	trainer										da vanilla, dataset TBC
alchemy		Draught of Water Breathing	7179		vanilla	trainer										da vanilla, dataset TBC
alchemy		Draught of Water Walking	11447		vanilla											
alchemy		Dreamless Sleep Potion	15833		vanilla	trainer										da vanilla, dataset TBC
alchemy		Elixir of Agility	11449		vanilla	trainer										da vanilla, dataset TBC
alchemy		Elixir of Defense	11450		vanilla	trainer										da vanilla, dataset TBC
alchemy		Elixir of Fire Power	7845		vanilla	trainer										da vanilla, dataset TBC
alchemy		Elixir of Greater Agility	11467		vanilla	trainer										da vanilla, dataset TBC
alchemy		Elixir of Greater Intellect	11465		vanilla	trainer										da vanilla, dataset TBC
alchemy		Elixir of Lesser Defense	3177		vanilla	trainer										da vanilla, dataset TBC
alchemy		Elixir of Minor Defense	7183		vanilla	trainer										da vanilla, dataset TBC
alchemy		Elixir of Minor Strength	2329		vanilla	trainer										da vanilla, dataset TBC
alchemy		Elixir of Wisdom	3171		vanilla	trainer										da vanilla, dataset TBC
alchemy		Fire Oil	7837		vanilla	trainer										da vanilla, dataset TBC
alchemy		Greater Mana Potion	11448		vanilla	trainer										da vanilla, dataset TBC
alchemy		Gurubashi Mojo Madness	24266		vanilla	drop		Zul'Gurub								da vanilla, dataset TBC
alchemy		Lesser Invisibility Potion	3448		vanilla	trainer										da vanilla, dataset TBC
alchemy		Lesser Mana Potion	3173		vanilla	trainer										da vanilla, dataset TBC
alchemy		Lesser Troll's Blood Elixir	3176		vanilla	trainer										da vanilla, dataset TBC
alchemy		Mana Potion	3452		vanilla	trainer										da vanilla, dataset TBC
alchemy		Mana Well	1230564		sod	blueprint										Blueprint [foreverchanges 2026-09-24]
alchemy		Minor Mana Potion	2331		vanilla	trainer										da vanilla, dataset TBC
alchemy		Minor Rejuvenation Potion	2332		vanilla	trainer										da vanilla, dataset TBC
alchemy		Minor Troll's Blood Elixir	3170		vanilla	trainer										da vanilla, dataset TBC
alchemy		Oil of Immolation	11451		vanilla	trainer										da vanilla, dataset TBC
alchemy		Refined Scale of Onyxia	22430		vanilla											
alchemy		Restorative Potion	11452		vanilla	quest		Badlands | Loch Modan			horde | alliance					da vanilla, dataset TBC
alchemy		Stonescale Oil	17551		vanilla	trainer										da vanilla, dataset TBC
alchemy		Swim Speed Potion	7841		vanilla	trainer										da vanilla, dataset TBC
blacksmithing	30	Copper Chain Vest	3321	3609	vanilla	worldDrop							true			da vanilla, dataset TBC
blacksmithing	35	Gemmed Copper Gauntlets	3325	3610	vanilla	worldDrop							true			da vanilla, dataset TBC
blacksmithing	55	Runed Copper Breastplate	2667	2881	vanilla	worldDrop							true			da vanilla, dataset TBC
blacksmithing	100	Deadly Bronze Poniard	3295	2883	vanilla	worldDrop							true			da vanilla, dataset TBC
blacksmithing	100	Ironforge Breastplate	8367	6735	vanilla	quest		Ironforge			alliance					da vanilla, dataset TBC
blacksmithing	100	Silvered Bronze Shoulders	3330	2882	vanilla	worldDrop							true			da vanilla, dataset TBC
blacksmithing	105	Silvered Bronze Breastplate	2673	5578	vanilla	worldDrop							true			da vanilla, dataset TBC
blacksmithing	115	Iridescent Hammer	6518	5543	vanilla	worldDrop							true			da vanilla, dataset TBC
blacksmithing	120	Green Iron Boots	3334	3611	vanilla	worldDrop							true			da vanilla, dataset TBC
blacksmithing	120	Mighty Iron Hammer	3297	3608	vanilla	worldDrop							true			da vanilla, dataset TBC
blacksmithing	125	Green Iron Gauntlets	3336	3612	vanilla	worldDrop							true			da vanilla, dataset TBC
blacksmithing	125	Iron Shield Spike	7221	6044	vanilla	worldDrop							true			da vanilla, dataset TBC
blacksmithing	130	Silvered Bronze Leggings	12259	10424	vanilla	worldDrop							true			da vanilla, dataset TBC
blacksmithing	130	Solid Iron Maul	3494	10858	vanilla	vendor	"Jazzrik | Muuran | Jannos Ironwill | High Admiral \""Shelly\"" Jorrik"	Badlands | Desolace | Arathi Highlands | Dun Morogh			horde | horde | alliance | 					da vanilla, dataset TBC
blacksmithing	135	Barbaric Iron Breastplate	9813	7979	vanilla	quest		Orgrimmar			horde					da vanilla, dataset TBC
blacksmithing	135	Barbaric Iron Shoulders	9811	7978	vanilla	quest		Orgrimmar			horde					da vanilla, dataset TBC
blacksmithing	135	Green Iron Shoulders	3504	3870	vanilla	worldDrop							true			da vanilla, dataset TBC
blacksmithing	135	Hardened Iron Shortsword	3492	12162	vanilla	vendor	Jutak | Kaita Deepforge | Sumi	Stranglethorn Vale | Stormwind City | Valley of Honor, Orgrimmar	 |  | 82.6	 |  | 24.0	 | alliance | horde					da vanilla, dataset TBC + catturato in gioco
blacksmithing	140	Iron Counterweight	7222	6045	vanilla	worldDrop							true			da vanilla, dataset TBC
blacksmithing	145	Golden Iron Destroyer	3495	3867	vanilla	worldDrop							true			da vanilla, dataset TBC
blacksmithing	145	Golden Scale Leggings	3507	3872	vanilla	worldDrop							true			da vanilla, dataset TBC
blacksmithing	150	Barbaric Iron Helm	9814	7980	vanilla	quest		Orgrimmar			horde					da vanilla, dataset TBC
blacksmithing	150	Golden Scale Shoulders	3505	3871	vanilla	worldDrop							true			da vanilla, dataset TBC
blacksmithing	150	Jade Serpentblade	3493	3866	vanilla	worldDrop							true			da vanilla, dataset TBC
blacksmithing	155	Barbaric Iron Boots	9818	7981	vanilla	quest		Orgrimmar			horde					da vanilla, dataset TBC
blacksmithing	155	Moonsteel Broadsword	3496	12163	vanilla	vendor	Zarena Cromwind	Stranglethorn Vale								da vanilla, dataset TBC
blacksmithing	160	Barbaric Iron Gloves	9820	7982	vanilla	quest		Orgrimmar			horde					da vanilla, dataset TBC
blacksmithing	160	Massive Iron Axe	3498	12164	vanilla	vendor	Jaquilina Dramet | Vharr	Stranglethorn Vale | Stranglethorn Vale			 | horde					da vanilla, dataset TBC
blacksmithing	160	Polished Steel Boots	3513	3874	vanilla	worldDrop							true			da vanilla, dataset TBC
blacksmithing	165	Edge of Winter	21913	17706	vanilla	worldEvent										da vanilla, dataset TBC
blacksmithing	165	Golden Scale Coif	3503	6047	vanilla	vendor	Krinkle Goodsteel	Tanaris								da vanilla, dataset TBC
blacksmithing	165	Searing Golden Blade	15973	12261	vanilla	worldDrop							true			da vanilla, dataset TBC
blacksmithing	165	Steel Weapon Chain	7224	6046	vanilla	worldDrop							true			da vanilla, dataset TBC
blacksmithing	170	Golden Scale Cuirass	3511	3873	vanilla	worldDrop							true			da vanilla, dataset TBC
blacksmithing	175	Frost Tiger Blade	3497	3868	vanilla	worldDrop							true			da vanilla, dataset TBC
blacksmithing	175	Golden Scale Boots	3515	3875	vanilla	worldDrop							true			da vanilla, dataset TBC
blacksmithing	175	Shadow Crescent Axe	3500	3869	vanilla	worldDrop							true			da vanilla, dataset TBC
blacksmithing	180	Golden Scale Gauntlets	11643	9367	vanilla	quest		Stormwind City			alliance					da vanilla, dataset TBC
blacksmithing	185	Heavy Mithril Pants	9933	7975	vanilla	worldDrop							true			da vanilla, dataset TBC
blacksmithing	190	Mithril Plate Bracers	9937	7995	vanilla	vendor	Harggan | Gharash	The Hinterlands | Swamp of Sorrows			alliance | horde					da vanilla, dataset TBC
blacksmithing	190	Mithril Shield Spike	9939	7976	vanilla	worldDrop							true			da vanilla, dataset TBC
blacksmithing	195	Blue Glittering Axe	9995	7992	vanilla	worldDrop							true			da vanilla, dataset TBC
blacksmithing	195	Ornate Mithril Gloves	9950	7984	vanilla	quest		Stranglethorn Vale								da vanilla, dataset TBC
blacksmithing	195	Ornate Mithril Pants	9945	7983	vanilla	quest		Stranglethorn Vale								da vanilla, dataset TBC
blacksmithing	200	Inlaid Mithril Cylinder	11454	10713	vanilla	trainer										da vanilla, dataset TBC
blacksmithing	200	Low-Background Truesilver Plates	435910	215384	sod											
blacksmithing	200	Ornate Mithril Shoulders	9952	7985	vanilla	quest		Stranglethorn Vale								da vanilla, dataset TBC
blacksmithing	200	Wicked Mithril Blade	9997	8029	vanilla	worldDrop							true			da vanilla, dataset TBC
blacksmithing	205	Golden Scale Gauntlets	439120	217274	sod											
blacksmithing	210	Mithril Plate Shoulders	9966	7991	vanilla	worldDrop							true			da vanilla, dataset TBC
blacksmithing	210	Mithril Spurs	9964	7989	vanilla	worldDrop							true			da vanilla, dataset TBC
blacksmithing	215	Dazzling Mithril Rapier	10005	7993	vanilla	worldDrop							true			da vanilla, dataset TBC
blacksmithing	220	Heavy Mithril Helm	9970	7990	vanilla	worldDrop							true			da vanilla, dataset TBC
blacksmithing	220	Runed Mithril Hammer	10009	8028	vanilla	worldDrop							true			da vanilla, dataset TBC
blacksmithing	225	Thorium Armor	16642	12682	vanilla	trainer										da vanilla, dataset TBC
blacksmithing	225	Thorium Belt	16643	12683	vanilla	trainer										da vanilla, dataset TBC
blacksmithing	230	Ebon Shiv	10013	8030	vanilla	vendor	Magnus Frostwake	Western Plaguelands								da vanilla, dataset TBC
blacksmithing	230	Thorium Bracers	16644	12684	vanilla	trainer										da vanilla, dataset TBC
blacksmithing	235	Radiant Belt	16645	12685	vanilla	worldDrop							true			da vanilla, dataset TBC
blacksmithing	240	Dark Iron Pulverizer	15292	11610	vanilla	drop	Grizzle	Blackrock Depths							52-52	da vanilla, dataset TBC
blacksmithing	240	Imperial Plate Belt	16647	12688	vanilla	quest		Tanaris								da vanilla, dataset TBC
blacksmithing	240	Imperial Plate Shoulders	16646	12687	vanilla	quest		Tanaris								da vanilla, dataset TBC
blacksmithing	245	Dark Iron Mail	15293	11614	vanilla	container		Blackrock Depths								da vanilla, dataset TBC
blacksmithing	245	Imperial Plate Bracers	16649	12690	vanilla	quest		Tanaris								da vanilla, dataset TBC
blacksmithing	245	Radiant Breastplate	16648	12689	vanilla	worldDrop							true			da vanilla, dataset TBC
blacksmithing	250	Dark Iron Sunderer	15294	11611	vanilla	drop		Blackrock Depths								da vanilla, dataset TBC
blacksmithing	250	Dawn's Edge	16970	12821	vanilla	quest		Winterspring								da vanilla, dataset TBC
blacksmithing	250	Ornate Thorium Handaxe	16969	12819	vanilla	vendor	Magnus Frostwake	Western Plaguelands								da vanilla, dataset TBC
blacksmithing	250	Thorium Shield Spike	16651	12692	vanilla	worldDrop							true			da vanilla, dataset TBC
blacksmithing	255	Blazing Rapier	16978	12825	vanilla	quest		Winterspring								da vanilla, dataset TBC
blacksmithing	255	Dark Iron Shoulders	15295	11615	vanilla	container		Blackrock Depths								da vanilla, dataset TBC
blacksmithing	255	Enchanted Battlehammer	16973	12824	vanilla	quest		Winterspring								da vanilla, dataset TBC
blacksmithing	255	Huge Thorium Battleaxe	16971	12823	vanilla	vendor	Magnus Frostwake	Western Plaguelands								da vanilla, dataset TBC
blacksmithing	255	Thorium Boots	16652	12693	vanilla	trainer										da vanilla, dataset TBC
blacksmithing	255	Thorium Helm	16653	12694	vanilla	trainer										da vanilla, dataset TBC
blacksmithing	260	Dark Iron Plate	15296	11612	vanilla	drop	Ribbly Screwspigot	Blackrock Depths							53-53	da vanilla, dataset TBC
blacksmithing	260	Radiant Gloves	16654	12695	vanilla	worldDrop							true			da vanilla, dataset TBC
blacksmithing	260	Serenity	16983	12827	vanilla	container		Stratholme								da vanilla, dataset TBC
blacksmithing	265	Corruption	16985	12830	vanilla	container		Stratholme								da vanilla, dataset TBC
blacksmithing	265	Dawnbringer Shoulders	16660	12698	vanilla	worldDrop							true			da vanilla, dataset TBC
blacksmithing	265	Fiery Plate Gauntlets	16655	12699	vanilla	quest		Winterspring								da vanilla, dataset TBC
blacksmithing	265	Girdle of the Dawn	23632	19203	vanilla	vendor	Argent Quartermaster Hasana | Quartermaster Miranda Breechlock | Argent Quartermaster Lightspark	Tirisfal Glades | Eastern Plaguelands | Western Plaguelands								da vanilla, dataset TBC
blacksmithing	265	Radiant Boots	16656	12697	vanilla	worldDrop							true			da vanilla, dataset TBC
blacksmithing	265	Volcanic Hammer	16984	12828	vanilla	drop		Burning Steppes								da vanilla, dataset TBC
blacksmithing	270	Dark Iron Bracers	20874	17051	vanilla	vendor	Lokhtos Darkbargainer	Blackrock Depths								da vanilla, dataset TBC
blacksmithing	270	Fiery Chain Girdle	20872	17049	vanilla	vendor	Lokhtos Darkbargainer	Blackrock Depths								da vanilla, dataset TBC
blacksmithing	270	Imperial Plate Boots	16657	12700	vanilla	quest		Tanaris								da vanilla, dataset TBC
blacksmithing	270	Imperial Plate Helm	16658	12701	vanilla	quest		Tanaris								da vanilla, dataset TBC
blacksmithing	270	Radiant Circlet	16659	12702	vanilla	worldDrop							true			da vanilla, dataset TBC
blacksmithing	275	Imperial Plate Chest	16663	12705	vanilla	quest		Tanaris								da vanilla, dataset TBC
blacksmithing	275	Runic Plate Boots	16665	12707	vanilla	drop		Western Plaguelands								da vanilla, dataset TBC
blacksmithing	275	Runic Plate Shoulders	16664	12706	vanilla	drop		Dustwallow Marsh								da vanilla, dataset TBC
blacksmithing	275	Thorium Leggings	16662	12704	vanilla	trainer										da vanilla, dataset TBC
blacksmithing	280	Imperial Plate Leggings	16730	12715	vanilla	quest		Tanaris								da vanilla, dataset TBC
blacksmithing	280	Radiant Leggings	16725	12713	vanilla	worldDrop							true			da vanilla, dataset TBC
blacksmithing	280	Runic Plate Helm	16726	12714	vanilla	drop		Dustwallow Marsh								da vanilla, dataset TBC
blacksmithing	285	Runic Breastplate	16731	12718	vanilla	drop		Dustwallow Marsh								da vanilla, dataset TBC
blacksmithing	285	Runic Plate Leggings	16732	12719	vanilla	drop		Western Plaguelands								da vanilla, dataset TBC
blacksmithing	290	Whitesoul Helm	16724	12711	vanilla	worldDrop							true			da vanilla, dataset TBC
blacksmithing	300	Annihilator	16991	12835	vanilla	drop	Quartermaster Zigris	Blackrock Spire							59-59	da vanilla, dataset TBC
blacksmithing	300	Arcanite Champion	16990	12834	vanilla	drop	Goraluk Anvilcrack	Blackrock Spire							61-61	da vanilla, dataset TBC
blacksmithing	300	Arcanite Reaper	16994	12838	vanilla	drop	Bannok Grimaxe	Blackrock Spire							59-59	da vanilla, dataset TBC
blacksmithing	300	Black Amnesty	23638	19208	vanilla	vendor	Lokhtos Darkbargainer	Blackrock Depths								da vanilla, dataset TBC
blacksmithing	300	Black Grasp of the Destroyer	27589	22220	vanilla	drop	Moam	Ruins of Ahn'Qiraj							63-63	da vanilla, dataset TBC
blacksmithing	300	Blackfury	23639	19209	vanilla	vendor	Lokhtos Darkbargainer	Blackrock Depths								da vanilla, dataset TBC
blacksmithing	300	Blackguard	23652	19211	vanilla	vendor	Lokhtos Darkbargainer	Blackrock Depths								da vanilla, dataset TBC
blacksmithing	300	Bloodsoul Breastplate	24136	19776	vanilla	vendor	Rin'wosho the Trader	Stranglethorn Vale								da vanilla, dataset TBC
blacksmithing	300	Bloodsoul Gauntlets	24138	19778	vanilla	vendor	Rin'wosho the Trader	Stranglethorn Vale								da vanilla, dataset TBC
blacksmithing	300	Bloodsoul Shoulders	24137	19777	vanilla	vendor	Rin'wosho the Trader	Stranglethorn Vale								da vanilla, dataset TBC
blacksmithing	300	Dark Iron Boots	24399	20040	vanilla	vendor	Lokhtos Darkbargainer	Blackrock Depths								da vanilla, dataset TBC
blacksmithing	300	Dark Iron Destroyer	20897	17060	vanilla	vendor	Lokhtos Darkbargainer	Blackrock Depths								da vanilla, dataset TBC
blacksmithing	300	Dark Iron Gauntlets	23637	19207	vanilla	vendor	Lokhtos Darkbargainer	Blackrock Depths								da vanilla, dataset TBC
blacksmithing	300	Dark Iron Helm	23636	19206	vanilla	vendor	Lokhtos Darkbargainer	Blackrock Depths								da vanilla, dataset TBC
blacksmithing	300	Dark Iron Leggings	20876	17052	vanilla	vendor	Lokhtos Darkbargainer	Blackrock Depths								da vanilla, dataset TBC
blacksmithing	300	Dark Iron Reaver	20890	17059	vanilla	vendor	Lokhtos Darkbargainer	Blackrock Depths								da vanilla, dataset TBC
blacksmithing	300	Darkrune Breastplate	24914	20554	vanilla	quest		Silithus								da vanilla, dataset TBC
blacksmithing	300	Darkrune Gauntlets	24912	20553	vanilla	quest		Silithus								da vanilla, dataset TBC
blacksmithing	300	Darkrune Helm	24913	20555	vanilla	quest		Silithus								da vanilla, dataset TBC
blacksmithing	300	Darksoul Breastplate	24139	19779	vanilla	vendor	Rin'wosho the Trader	Stranglethorn Vale								da vanilla, dataset TBC
blacksmithing	300	Darksoul Leggings	24140	19780	vanilla	vendor	Rin'wosho the Trader	Stranglethorn Vale								da vanilla, dataset TBC
blacksmithing	300	Darksoul Shoulders	24141	19781	vanilla	vendor	Rin'wosho the Trader	Stranglethorn Vale								da vanilla, dataset TBC
blacksmithing	300	Ebon Hand	23650	19210	vanilla	vendor	Lokhtos Darkbargainer	Blackrock Depths								da vanilla, dataset TBC
blacksmithing	300	Elemental Sharpening Stone	22757	18264	vanilla	drop		Molten Core								da vanilla, dataset TBC
blacksmithing	300	Enchanted Thorium Breastplate	16745	12727	vanilla	quest		Dire Maul								da vanilla, dataset TBC
blacksmithing	300	Enchanted Thorium Helm	16742	12725	vanilla	quest		Dire Maul								da vanilla, dataset TBC
blacksmithing	300	Enchanted Thorium Leggings	16744	12726	vanilla	quest		Dire Maul								da vanilla, dataset TBC
blacksmithing	300	Fiery Chain Shoulders	20873	17053	vanilla	vendor	Lokhtos Darkbargainer	Blackrock Depths								da vanilla, dataset TBC
blacksmithing	300	Frostguard	16992	12836	vanilla	drop		Western Plaguelands								da vanilla, dataset TBC
blacksmithing	300	Gloves of the Dawn	23633	19205	vanilla	vendor	Argent Quartermaster Hasana | Quartermaster Miranda Breechlock | Argent Quartermaster Lightspark	Tirisfal Glades | Eastern Plaguelands | Western Plaguelands								da vanilla, dataset TBC
blacksmithing	300	Hammer of the Titans	16988	12833	vanilla	drop	Maleki the Pallid	Stratholme							61-61	da vanilla, dataset TBC
blacksmithing	300	Heartseeker	16995	12839	vanilla	drop	Cannon Master Willey	Stratholme							60-60	da vanilla, dataset TBC
blacksmithing	300	Icebane Bracers	28244	22705	vanilla	vendor	Master Craftsman Omarion	Naxxramas								da vanilla, dataset TBC
blacksmithing	300	Icebane Breastplate	28242	22703	vanilla	vendor	Master Craftsman Omarion	Naxxramas								da vanilla, dataset TBC
blacksmithing	300	Icebane Gauntlets	28243	22704	vanilla	vendor	Master Craftsman Omarion	Naxxramas								da vanilla, dataset TBC
blacksmithing	300	Jagged Obsidian Shield	27586	22219	vanilla	vendor	Lieutenant General Andorov	Ruins of Ahn'Qiraj								da vanilla, dataset TBC
blacksmithing	300	Lionheart Helm	16729	12717	vanilla	worldDrop							true			da vanilla, dataset TBC
blacksmithing	300	Masterwork Stormhammer	16993	12837	vanilla	drop	Goraluk Anvilcrack	Blackrock Spire							61-61	da vanilla, dataset TBC
blacksmithing	300	Nightfall	23653	19212	vanilla	vendor	Lokhtos Darkbargainer	Blackrock Depths								da vanilla, dataset TBC
blacksmithing	300	Obsidian Mail Tunic	27590	22221	vanilla	vendor	Lieutenant General Andorov	Ruins of Ahn'Qiraj								da vanilla, dataset TBC
blacksmithing	300	Persuader	27830	22390	vanilla	worldDrop							true			da vanilla, dataset TBC
blacksmithing	300	Sageblade	27832	22389	vanilla	worldDrop							true			da vanilla, dataset TBC
blacksmithing	300	Stronghold Gauntlets	16741	12720	vanilla	worldDrop							true			da vanilla, dataset TBC
blacksmithing	300	Sulfuron Hammer	21161	18592	vanilla	quest		Blackrock Depths								da vanilla, dataset TBC
blacksmithing	300	Thick Obsidian Breastplate	27587	22222	vanilla	drop	The Prophet Skeram	Temple of Ahn'Qiraj							63-63	da vanilla, dataset TBC
blacksmithing	300	Titanic Leggings	27829	22388	vanilla	worldDrop							true			da vanilla, dataset TBC
blacksmithing		Arcanite Rod	20201		vanilla	trainer										da vanilla, dataset TBC
blacksmithing		Arcanite Skeleton Key	19669		vanilla	trainer										da vanilla, dataset TBC
blacksmithing		Big Black Mace	10001		vanilla	trainer										da vanilla, dataset TBC
blacksmithing		Big Bronze Knife	3491		vanilla	trainer										da vanilla, dataset TBC
blacksmithing		Blackfathom Sharpening Stone	430397	211846	sod											
blacksmithing		Bleakwood Hew	16965	12817	vanilla											
blacksmithing		Blight	10011		vanilla	trainer										da vanilla, dataset TBC
blacksmithing		Blood Talon	16986	12831	vanilla											
blacksmithing		Bronze Axe	2741		vanilla	trainer										da vanilla, dataset TBC
blacksmithing		Bronze Battle Axe	9987		vanilla	trainer										da vanilla, dataset TBC
blacksmithing		Bronze Greatsword	9986		vanilla	trainer										da vanilla, dataset TBC
blacksmithing		Bronze Mace	2740		vanilla	trainer										da vanilla, dataset TBC
blacksmithing		Bronze Shortsword	2742		vanilla	trainer										da vanilla, dataset TBC
blacksmithing		Bronze Warhammer	9985		vanilla	trainer										da vanilla, dataset TBC
blacksmithing		Coarse Grinding Stone	3326		vanilla	trainer										da vanilla, dataset TBC
blacksmithing		Coarse Sharpening Stone	2665		vanilla	trainer										da vanilla, dataset TBC
blacksmithing		Coarse Weightstone	3116		vanilla	trainer										da vanilla, dataset TBC
blacksmithing		Copper Axe	2738		vanilla	trainer										da vanilla, dataset TBC
blacksmithing		Copper Battle Axe	3293		vanilla	trainer										da vanilla, dataset TBC
blacksmithing		Copper Bracers	2663		vanilla	trainer										da vanilla, dataset TBC
blacksmithing		Copper Chain Belt	2661		vanilla	trainer										da vanilla, dataset TBC
blacksmithing		Copper Chain Boots	3319		vanilla	trainer										da vanilla, dataset TBC
blacksmithing		Copper Chain Pants	2662		vanilla	trainer										da vanilla, dataset TBC
blacksmithing		Copper Claymore	9983		vanilla	trainer										da vanilla, dataset TBC
blacksmithing		Copper Dagger	8880		vanilla	trainer										da vanilla, dataset TBC
blacksmithing		Copper Mace	2737		vanilla	trainer										da vanilla, dataset TBC
blacksmithing		Copper Shortsword	2739		vanilla	trainer										da vanilla, dataset TBC
blacksmithing		Darkspear	16987	12832	vanilla											
blacksmithing		Dense Grinding Stone	16639		vanilla	trainer										da vanilla, dataset TBC
blacksmithing		Dense Sharpening Stone	16641		vanilla	trainer										da vanilla, dataset TBC
blacksmithing		Dense Weightstone	16640		vanilla	trainer										da vanilla, dataset TBC
blacksmithing		Glinting Steel Dagger	15972		vanilla	trainer										da vanilla, dataset TBC
blacksmithing		Golden Rod	14379		vanilla	trainer										da vanilla, dataset TBC
blacksmithing		Golden Scale Bracers	7223		vanilla	trainer										da vanilla, dataset TBC
blacksmithing		Golden Skeleton Key	19667		vanilla	trainer										da vanilla, dataset TBC
blacksmithing		Green Iron Bracers	3501		vanilla	trainer										da vanilla, dataset TBC
blacksmithing		Green Iron Hauberk	3508		vanilla	trainer										da vanilla, dataset TBC
blacksmithing		Green Iron Helm	3502		vanilla	trainer										da vanilla, dataset TBC
blacksmithing		Green Iron Leggings	3506		vanilla	trainer										da vanilla, dataset TBC
blacksmithing		Heavy Bronze Mace	3296		vanilla	trainer										da vanilla, dataset TBC
blacksmithing		Heavy Copper Broadsword	3292		vanilla	trainer										da vanilla, dataset TBC
blacksmithing		Heavy Copper Maul	7408		vanilla	trainer										da vanilla, dataset TBC
blacksmithing		Heavy Grinding Stone	3337		vanilla	trainer										da vanilla, dataset TBC
blacksmithing		Heavy Mithril Axe	9993		vanilla	trainer										da vanilla, dataset TBC
blacksmithing		Heavy Mithril Boots	9968		vanilla	trainer										da vanilla, dataset TBC
blacksmithing		Heavy Mithril Breastplate	9959		vanilla	trainer										da vanilla, dataset TBC
blacksmithing		Heavy Mithril Gauntlet	9928		vanilla	trainer										da vanilla, dataset TBC
blacksmithing		Heavy Mithril Shoulder	9926		vanilla	trainer										da vanilla, dataset TBC
blacksmithing		Heavy Obsidian Belt	27585	22209	vanilla	vendor	Vargus	Silithus								da vanilla, dataset TBC
blacksmithing		Heavy Sharpening Stone	2674		vanilla	trainer										da vanilla, dataset TBC
blacksmithing		Heavy Weightstone	3117		vanilla	trainer										da vanilla, dataset TBC
blacksmithing		Inlaid Thorium Hammer	16967	12818	vanilla											
blacksmithing		Iron Buckle	8768		vanilla	trainer										da vanilla, dataset TBC
blacksmithing		Ironforge Chain	8366	6734	vanilla											
blacksmithing		Ironforge Gauntlets	8368	6736	vanilla											
blacksmithing		Light Obsidian Belt	27588	22214	vanilla	vendor	Vargus	Silithus								da vanilla, dataset TBC
blacksmithing		Mithril Coif	9961		vanilla	trainer										da vanilla, dataset TBC
blacksmithing		Mithril Plate Gloves	9942	7977	vanilla											
blacksmithing		Mithril Plate Pants	9931		vanilla	trainer										da vanilla, dataset TBC
blacksmithing		Orcish War Leggings	9957	7994	vanilla	quest		Orgrimmar			horde					da vanilla, dataset TBC
blacksmithing		Ornate Mithril Boots	9979	7988	vanilla	quest		Tanaris								da vanilla, dataset TBC
blacksmithing		Ornate Mithril Breastplate	9972	7986	vanilla	quest		Tanaris								da vanilla, dataset TBC
blacksmithing		Ornate Mithril Helm	9980	7987	vanilla	quest		Tanaris								da vanilla, dataset TBC
blacksmithing		Patterned Bronze Bracers	2672		vanilla	trainer										da vanilla, dataset TBC
blacksmithing		Pearl-handled Dagger	6517		vanilla	trainer										da vanilla, dataset TBC
blacksmithing		Phantom Blade	10007		vanilla	trainer										da vanilla, dataset TBC
blacksmithing		Rough Bronze Boots	7817		vanilla	trainer										da vanilla, dataset TBC
blacksmithing		Rough Bronze Bracers	2671	5577	vanilla											
blacksmithing		Rough Bronze Cuirass	2670		vanilla	trainer										da vanilla, dataset TBC
blacksmithing		Rough Bronze Leggings	2668		vanilla	trainer										da vanilla, dataset TBC
blacksmithing		Rough Bronze Shoulders	3328		vanilla	trainer										da vanilla, dataset TBC
blacksmithing		Rough Copper Vest	12260		vanilla	trainer										da vanilla, dataset TBC
blacksmithing		Rough Grinding Stone	3320		vanilla	trainer										da vanilla, dataset TBC
blacksmithing		Rough Sharpening Stone	2660		vanilla	trainer										da vanilla, dataset TBC
blacksmithing		Rough Weightstone	3115		vanilla	trainer										da vanilla, dataset TBC
blacksmithing		Runed Copper Belt	2666		vanilla	trainer										da vanilla, dataset TBC
blacksmithing		Runed Copper Bracers	2664		vanilla	trainer										da vanilla, dataset TBC
blacksmithing		Runed Copper Gauntlets	3323		vanilla	trainer										da vanilla, dataset TBC
blacksmithing		Runed Copper Pants	3324		vanilla	trainer										da vanilla, dataset TBC
blacksmithing		Sharpening Wheel	1230171		sod											
blacksmithing		Shining Silver Breastplate	2675		vanilla	trainer										da vanilla, dataset TBC
blacksmithing		Silver Rod	7818		vanilla	trainer										da vanilla, dataset TBC
blacksmithing		Silver Skeleton Key	19666		vanilla	trainer										da vanilla, dataset TBC
blacksmithing		Silvered Bronze Boots	3331		vanilla	trainer										da vanilla, dataset TBC
blacksmithing		Silvered Bronze Gauntlets	3333		vanilla	trainer										da vanilla, dataset TBC
blacksmithing		Solid Grinding Stone	9920		vanilla	trainer										da vanilla, dataset TBC
blacksmithing		Solid Sharpening Stone	9918		vanilla	trainer										da vanilla, dataset TBC
blacksmithing		Solid Weightstone	9921		vanilla	trainer										da vanilla, dataset TBC
blacksmithing		Steel Breastplate	9916		vanilla	trainer										da vanilla, dataset TBC
blacksmithing		Steel Plate Helm	9935		vanilla	trainer										da vanilla, dataset TBC
blacksmithing		The Shatterer	10003		vanilla	trainer										da vanilla, dataset TBC
blacksmithing		Thick War Axe	3294		vanilla	trainer										da vanilla, dataset TBC
blacksmithing		Thorium Greatsword	16960	12816	vanilla											
blacksmithing		Truesilver Breastplate	9974		vanilla	trainer										da vanilla, dataset TBC
blacksmithing		Truesilver Champion	10015		vanilla	trainer										da vanilla, dataset TBC
blacksmithing		Truesilver Gauntlets	9954		vanilla	trainer										da vanilla, dataset TBC
blacksmithing		Truesilver Rod	14380		vanilla	trainer										da vanilla, dataset TBC
blacksmithing		Truesilver Skeleton Key	19668		vanilla	trainer										da vanilla, dataset TBC
cooking	1	Brilliant Smallfish	7751	6325	vanilla	vendor	Harn Longcast | Gretta Ganter | Catherine Leland | Martine Tramblay | Sewa Mistrunner	Mulgore | Dun Morogh | Stormwind City | Tirisfal Glades | Thunder Bluff	 |  |  |  | 55.8	 |  |  |  | 47.2	horde | alliance | alliance | horde | horde					da vanilla, dataset TBC + catturato in gioco
cooking	1	Crispy Bat Wing	15935	12226	vanilla	vendor	Abigail Shiel	Tirisfal Glades			horde					da vanilla, dataset TBC
cooking	1	Gingerbread Cookie	21143	17200	vanilla	vendor	Eebee Jinglepocket | Wolgren Jinglepocket | Khole Jinglepocket | Seersa Copperpinch	Shattrath City | The Exodar | Stormwind City | Thunder Bluff			 | alliance | alliance | horde					da vanilla, dataset TBC
cooking	1	Slitherskin Mackerel	7752	6326	vanilla	vendor	Tansy Puddlefizz | Kriggon Talsone | Martine Tramblay | Zansoa	Ironforge | Westfall | Tirisfal Glades | Durotar			alliance | alliance | horde | horde					da vanilla, dataset TBC
cooking	10	Kaldorei Spider Kabob	6412	5482	vanilla	quest		Teldrassil			alliance					da vanilla, dataset TBC
cooking	20	Scorpid Surprise	6413	5483	vanilla	vendor	Grimtak	Durotar			horde					da vanilla, dataset TBC
cooking	25	Beer Basted Boar Ribs	2795	2889	vanilla	vendor	Kendor Kabonka	Stormwind City			alliance					da vanilla, dataset TBC
cooking	35	Egg Nog	21144	17201	vanilla	vendor	Eebee Jinglepocket | Wolgren Jinglepocket | Khole Jinglepocket | Seersa Copperpinch	Shattrath City | The Exodar | Stormwind City | Thunder Bluff			 | alliance | alliance | horde					da vanilla, dataset TBC
cooking	35	Roasted Kodo Meat	6414	5484	vanilla	vendor	Wunna Darkmane	Mulgore			horde					da vanilla, dataset TBC
cooking	40	Smoked Bear Meat	8607	6892	vanilla	vendor	Drac Roughcut | Andrew Hilbert	Loch Modan | Silverpine Forest			alliance | horde					da vanilla, dataset TBC
cooking	50	Fillet of Frenzy	6415	5485	vanilla	vendor	Laird	Darkshore			alliance					da vanilla, dataset TBC
cooking	50	Goretusk Liver Pie	2542	2697	vanilla	vendor	Kendor Kabonka	Stormwind City			alliance					da vanilla, dataset TBC
cooking	50	Loch Frenzy Delight	7754	6329	vanilla	vendor	Khara Deepwater	Loch Modan			alliance					da vanilla, dataset TBC
cooking	50	Longjaw Mud Snapper	7753	6328	vanilla	vendor	Killian Sanatha | Khara Deepwater | Lizbeth Cromwell | Tharynn Bouden | Naal Mistrunner	Silverpine Forest | Loch Modan | Undercity | Elwynn Forest | Thunder Bluff	 |  |  |  | 51.1	 |  |  |  | 52.5	horde | alliance | horde | alliance | horde					da vanilla, dataset TBC + catturato in gioco
cooking	50	Rainbow Fin Albacore	7827	6368	vanilla	vendor	Kriggon Talsone | Heldan Galesong | Killian Sanatha | Catherine Leland	Westfall | Darkshore | Silverpine Forest | Stormwind City			alliance | alliance | horde | alliance					da vanilla, dataset TBC
cooking	50	Strider Stew	6416	5486	vanilla	vendor	Tari'qa	The Barrens			horde					da vanilla, dataset TBC
cooking	60	Blood Sausage	3371	3679	vanilla	vendor	Kendor Kabonka	Stormwind City			alliance					da vanilla, dataset TBC
cooking	60	Thistle Tea	9513	7678	vanilla	vendor	Smudge Thunderwood	Alterac Mountains								da vanilla, dataset TBC
cooking	75	Westfall Stew	2543	728	vanilla	vendor	Kendor Kabonka	Stormwind City			alliance					da vanilla, dataset TBC
cooking	80	Crocolisk Steak	3370	3678	vanilla	vendor	Kendor Kabonka	Stormwind City			alliance					da vanilla, dataset TBC
cooking	80	Smoked Sagefish	25704	21099	vanilla	vendor	"Derak Nightfall | Phea | Gloria Femmel | \""Cookie\"" McWeaksauce | Kalsey Sanden | Aza'bek | Naal Mistrunner | Xen'to"	Hillsbrad Foothills | The Exodar | Redridge Mountains | Azuremyst Isle | Three Corners, Redridge Mountains | The Barrens | Thunder Bluff | The Drag, Orgrimmar	 |  |  |  | 10.8 | 49.7 | 51.1 | 57.6	 |  |  |  | 72.8 | 29.4 | 52.5 | 53.3	horde | alliance | alliance | alliance | alliance | horde | horde | horde					da vanilla, dataset TBC + catturato in gioco
cooking	85	Cooked Crab Claw	2545	2698	vanilla	vendor	Kendor Kabonka	Stormwind City			alliance					da vanilla, dataset TBC
cooking	85	Savory Deviate Delight	8238	6661	vanilla	worldDrop							true			da vanilla, dataset TBC
cooking	90	Clam Chowder	6501	5528	vanilla	vendor	Kriggon Talsone | Heldan Galesong	Westfall | Darkshore			alliance | alliance					da vanilla, dataset TBC
cooking	90	Dig Rat Stew	6417	5487	vanilla	vendor	Prospector Khazgorm	The Barrens			alliance					da vanilla, dataset TBC
cooking	90	Murloc Fin Soup	3372	3680	vanilla	vendor	Kendor Kabonka	Stormwind City			alliance					da vanilla, dataset TBC
cooking	100	Bristle Whisker Catfish	7755	6330	vanilla	vendor	Kilxx | Ronald Burch | Lindea Rabonne | Naal Mistrunner | Sewa Mistrunner	The Barrens | Undercity | Hillsbrad Foothills | Thunder Bluff | Thunder Bluff	 |  |  | 51.1 | 55.8	 |  |  | 52.5 | 47.2	 | horde | alliance | horde | horde					da vanilla, dataset TBC + catturato in gioco
cooking	100	Crispy Lizard Tail	6418	5488	vanilla	vendor	Tari'qa	The Barrens			horde					da vanilla, dataset TBC
cooking	100	Redridge Goulash	2547	2699	vanilla	vendor	Kendor Kabonka	Stormwind City			alliance					da vanilla, dataset TBC
cooking	100	Seasoned Wolf Kabob	2549	2701	vanilla	vendor	Kendor Kabonka	Stormwind City			alliance					da vanilla, dataset TBC
cooking	110	Big Bear Steak	3397	3734	vanilla	vendor	Ulthaan | Super-Seller 680	Ashenvale | Desolace			alliance | 					da vanilla, dataset TBC
cooking	110	Gooey Spider Cake	3377	3683	vanilla	vendor	Kendor Kabonka	Stormwind City			alliance					da vanilla, dataset TBC
cooking	110	Lean Venison	6419	5489	vanilla	vendor	Ulthaan | Vendor-Tron 1000	Ashenvale | Desolace			alliance | 					da vanilla, dataset TBC
cooking	110	Succulent Pork Ribs	2548	2700	vanilla	vendor	Kendor Kabonka	Stormwind City			alliance					da vanilla, dataset TBC
cooking	120	Crocolisk Gumbo	3373	3681	vanilla	vendor	Kendor Kabonka	Stormwind City			alliance					da vanilla, dataset TBC
cooking	125	Hot Lion Chops	3398	3735	vanilla	vendor	Zargh | Vendor-Tron 1000	The Barrens | Desolace			horde | 					da vanilla, dataset TBC
cooking	125	Lean Wolf Steak	15853	12227	vanilla	vendor	Super-Seller 680	Desolace								da vanilla, dataset TBC
cooking	130	Curiously Tasty Omelet	3376	3682	vanilla	vendor	Nerrist | Keena | Kendor Kabonka	Stranglethorn Vale | Arathi Highlands | Stormwind City			horde | horde | alliance					da vanilla, dataset TBC
cooking	150	Heavy Crocolisk Stew	24418	20075	vanilla	vendor	Ogg'marr	Dustwallow Marsh			horde					da vanilla, dataset TBC
cooking	150	Tasty Lion Steak	3399	3736	vanilla	quest		Hillsbrad Foothills			alliance					da vanilla, dataset TBC
cooking	175	Barbecued Buzzard Wing	4094	4609	vanilla	vendor	Narj Deepslice | Super-Seller 680	Arathi Highlands | Desolace			alliance | 					da vanilla, dataset TBC
cooking	175	Carrion Surprise	15863	12232	vanilla	vendor	Vendor-Tron 1000 | Ogg'marr | Banalash | Kireena	Desolace | Dustwallow Marsh | Swamp of Sorrows | Desolace			 | horde | horde | horde					da vanilla, dataset TBC
cooking	175	Giant Clam Scorcho	7213	6039	vanilla	vendor	Kelsey Yance	Stranglethorn Vale								da vanilla, dataset TBC
cooking	175	Hot Wolf Ribs	15856	12229	vanilla	vendor	Sheendra Tallgrass | Vivianna | Super-Seller 680	Feralas | Feralas | Desolace			horde | alliance | 					da vanilla, dataset TBC
cooking	175	Jungle Stew	15861	12231	vanilla	vendor	Nerrist | Corporal Bluth | Vendor-Tron 1000	Stranglethorn Vale | Stranglethorn Vale | Desolace			horde | alliance | 					da vanilla, dataset TBC
cooking	175	Mithril Headed Trout	20916	17062	vanilla	vendor	Heldan Galesong | Kelsey Yance | Shankys | Wik'Tar	Darkshore | Stranglethorn Vale | Orgrimmar | Ashenvale			alliance |  | horde | horde					da vanilla, dataset TBC
cooking	175	Mystery Stew	15865	12233	vanilla	vendor	Helenia Olden | Janet Hommers | Super-Seller 680	Dustwallow Marsh | Desolace | Desolace			alliance | alliance | 					da vanilla, dataset TBC
cooking	175	Roast Raptor	15855	12228	vanilla	vendor	Nerrist | Corporal Bluth | Vendor-Tron 1000 | Keena	Stranglethorn Vale | Stranglethorn Vale | Desolace | Arathi Highlands			horde | alliance |  | horde					da vanilla, dataset TBC
cooking	175	Rockscale Cod	7828	6369	vanilla	vendor	Heldan Galesong | Kelsey Yance | Shankys | Wik'Tar	Darkshore | Stranglethorn Vale | Orgrimmar | Ashenvale			alliance |  | horde | horde					da vanilla, dataset TBC
cooking	175	Sagefish Delight	25954	21219	vanilla	vendor	"Derak Nightfall | Phea | Gloria Femmel | \""Cookie\"" McWeaksauce | Kalsey Sanden | Aza'bek | Naal Mistrunner | Xen'to"	Hillsbrad Foothills | The Exodar | Redridge Mountains | Azuremyst Isle | Three Corners, Redridge Mountains | The Barrens | Thunder Bluff | The Drag, Orgrimmar	 |  |  |  | 10.8 | 49.7 | 51.1 | 57.6	 |  |  |  | 72.8 | 29.4 | 52.5 | 53.3	horde | alliance | alliance | alliance | alliance | horde | horde | horde					da vanilla, dataset TBC + catturato in gioco
cooking	175	Soothing Turtle Bisque	3400	3737	vanilla	quest		Hillsbrad Foothills			alliance					da vanilla, dataset TBC
cooking	200	Dragonbreath Chili	15906	12239	vanilla	vendor	Helenia Olden | Ogg'marr | Super-Seller 680	Dustwallow Marsh | Dustwallow Marsh | Desolace			alliance | horde | 					da vanilla, dataset TBC
cooking	200	Heavy Kodo Stew	15910	12240	vanilla	vendor	Vendor-Tron 1000 | Kireena | Janet Hommers	Desolace | Desolace | Desolace			 | horde | alliance					da vanilla, dataset TBC
cooking	225	Cooked Glossy Mightfish	18239	13940	vanilla	vendor	Kelsey Yance	Stranglethorn Vale								da vanilla, dataset TBC
cooking	225	Filet of Redgill	18241	13941	vanilla	vendor	Kelsey Yance	Stranglethorn Vale								da vanilla, dataset TBC
cooking	225	Monster Omelet	15933	16110	vanilla	vendor	Malygen | Bale | Himmik	Felwood | Felwood | Winterspring			alliance | horde | 					da vanilla, dataset TBC
cooking	225	Spiced Chili Crab	15915	16111	vanilla	vendor	Kriggon Talsone | Uthok | Banalash	Westfall | Stranglethorn Vale | Swamp of Sorrows			alliance | horde | horde					da vanilla, dataset TBC
cooking	225	Spotted Yellowtail	18238	13939	vanilla	vendor	Gikkix	Tanaris								da vanilla, dataset TBC
cooking	225	Tender Wolf Steak	22480	18046	vanilla	vendor	Truk Wildbeard | Dirge Quikcleave | Innkeeper Fizzgrimble	The Hinterlands | Tanaris | Tanaris			alliance |  | 					da vanilla, dataset TBC
cooking	225	Undermine Clam Chowder	20626	16767	vanilla	vendor	Jabbey	Tanaris								da vanilla, dataset TBC
cooking	240	Grilled Squid	18240	13942	vanilla	vendor	Gikkix	Tanaris								da vanilla, dataset TBC
cooking	240	Hot Smoked Bass	18242	13943	vanilla	vendor	Kelsey Yance	Stranglethorn Vale								da vanilla, dataset TBC
cooking	250	Filet o' Flank	1225759	238646	sod											
cooking	250	Nightfin Soup	18243	13945	vanilla	vendor	Gikkix	Tanaris								da vanilla, dataset TBC
cooking	250	Poached Sunscale Salmon	18244	13946	vanilla	vendor	Gikkix	Tanaris								da vanilla, dataset TBC
cooking	250	Prowler Steak	1225758	238645	sod											
cooking	250	Sunrise Omelette	1225760	238647	sod											
cooking	275	Baked Salmon	18247	13949	vanilla	vendor	Vivianna | Sheendra Tallgrass	Feralas | Feralas			alliance | horde					da vanilla, dataset TBC
cooking	275	Lobster Stew	18245	13947	vanilla	vendor	Vivianna | Sheendra Tallgrass	Feralas | Feralas			alliance | horde					da vanilla, dataset TBC
cooking	275	Mightfish Steak	18246	13948	vanilla	vendor	Vivianna | Sheendra Tallgrass	Feralas | Feralas			alliance | horde					da vanilla, dataset TBC
cooking	275	Runn Tum Tuber Surprise	22761	18267	vanilla	drop	Pusillin	Dire Maul							57-57	da vanilla, dataset TBC
cooking	280	Grand Lobster Banquet	1225763	238650	sod											
cooking	280	Specklefin Feast	1225762	238649	sod											
cooking	300	Darkclaw Bisque	470359	232437	sod											
cooking	300	Dirge's Kickin' Chimaerok Chops	25659	21025	vanilla	quest		Tanaris								da vanilla, dataset TBC
cooking	300	Smoked Redgill	470370	232443	sod											
cooking		Basic Campfire	818		vanilla											
cooking		Basic Campfire	1229737		sod											
cooking		Boiled Clams	6499		vanilla	trainer										da vanilla, dataset TBC
cooking		Charred Wolf Meat	2538		vanilla	trainer										da vanilla, dataset TBC
cooking		Coyote Steak	2541		vanilla	trainer										da vanilla, dataset TBC
cooking		Crab Cake	2544		vanilla	trainer										da vanilla, dataset TBC
cooking		Dry Pork Ribs	2546		vanilla	trainer										da vanilla, dataset TBC
cooking		Goblin Deviled Clams	6500		vanilla	trainer										da vanilla, dataset TBC
cooking		Goldthorn Tea	13028		vanilla	trainer		Razorfen Downs								da vanilla, dataset TBC
cooking		Herb Baked Egg	8604	6891	vanilla	trainer										da vanilla, dataset TBC
cooking		Roasted Boar Meat	2540		vanilla	trainer										da vanilla, dataset TBC
cooking		Smoked Desert Dumplings	24801		vanilla	quest		Silithus								da vanilla, dataset TBC
cooking		Spiced Wolf Meat	2539		vanilla	trainer										da vanilla, dataset TBC
cooking		Spider Sausage	21175		vanilla	trainer										da vanilla, dataset TBC
enchanting	20	Enchant Chest - Minor Intellect	7443	6342	vanilla	worldDrop	Kithas | Nata Dawnstrider	The Drag, Orgrimmar | Thunder Bluff	53.8 | 44.8	38.1 | 38.8	horde | horde		true			da vanilla, dataset TBC + catturato in gioco
enchanting	60	Enchant Bracer - Minor Spirit	7766	6344	vanilla	worldDrop							true			da vanilla, dataset TBC
enchanting	80	Enchant Bracer - Minor Strength	7782	6347	vanilla	worldDrop							true			da vanilla, dataset TBC
enchanting	80	Enchant Chest - Lesser Intellect	7776	6346	vanilla	vendor	Kithas | Lilly	Orgrimmar | Silverpine Forest			horde | horde					da vanilla, dataset TBC
enchanting	90	Enchant Cloak - Minor Protection	7771	6345	vanilla	trainer										da vanilla, dataset TBC
enchanting	90	Enchant Weapon - Minor Beastslayer	7786	6348	vanilla	worldDrop							true			da vanilla, dataset TBC
enchanting	100	Enchant 2H Weapon - Lesser Intellect	7793	6349	vanilla	vendor	Nata Dawnstrider | Tilli Thistlefuzz | Kithas | Leo Sarn	Thunder Bluff | Ironforge | The Drag, Orgrimmar | Silverpine Forest	44.8 |  | 53.8 | 	38.8 |  | 38.1 | 	horde | alliance | horde | horde					da vanilla, dataset TBC + catturato in gioco
enchanting	110	Enchant 2H Weapon - Lesser Spirit	13380	11038	vanilla	worldDrop							true			da vanilla, dataset TBC
enchanting	110	Enchant Cloak - Minor Agility	13419	11039	vanilla	vendor	Dalria | Kulwia	Ashenvale | Stonetalon Mountains			alliance | horde					da vanilla, dataset TBC
enchanting	115	Enchant Shield - Lesser Protection	13464	11081	vanilla	worldDrop							true			da vanilla, dataset TBC
enchanting	120	Enchant Bracer - Lesser Spirit	7859	6375	vanilla	worldDrop							true			da vanilla, dataset TBC
enchanting	120	Scroll of Spatial Mending	448624	223163	sod											
enchanting	125	Enchant Boots - Minor Agility	7867	6377	vanilla	vendor	Nata Dawnstrider | Zixil	Thunder Bluff | Hillsbrad Foothills	44.8 | 	38.8 | 	horde | 					da vanilla, dataset TBC + catturato in gioco
enchanting	125	Enchant Boots - Minor Stamina	7863	6376	vanilla	trainer										da vanilla, dataset TBC
enchanting	135	Enchant Cloak - Lesser Shadow Resistance	13522	11098	vanilla	worldDrop							true			da vanilla, dataset TBC
enchanting	140	Enchant Bracer - Lesser Strength	13536	11101	vanilla	vendor	Dalria | Kulwia	Ashenvale | Stonetalon Mountains			alliance | horde					da vanilla, dataset TBC
enchanting	145	Enchant Gloves - Fishing	13620	11152	vanilla	drop		Hillsbrad Foothills								da vanilla, dataset TBC
enchanting	145	Enchant Gloves - Herbalism	13617	11151	vanilla	drop		Stonetalon Mountains | Ashenvale								da vanilla, dataset TBC
enchanting	145	Enchant Gloves - Mining	13612	11150	vanilla	drop		Wetlands								da vanilla, dataset TBC
enchanting	150	Minor Mana Oil	25125	20752	vanilla	vendor	Kania | Thaddeus Webb | Erilia | Lilly | Kithas | Nata Dawnstrider	Silithus | Undercity | Eversong Woods | Silverpine Forest | The Drag, Orgrimmar | Thunder Bluff	 |  |  |  | 53.8 | 44.8	 |  |  |  | 38.1 | 38.8	 | horde | horde | horde | horde | horde					da vanilla, dataset TBC + catturato in gioco
enchanting	170	Enchant Bracer - Lesser Deflection	13646	11163	vanilla	vendor	Micha Yance | Keena	Hillsbrad Foothills | Arathi Highlands			alliance | horde					da vanilla, dataset TBC
enchanting	175	Enchant Weapon - Lesser Beastslayer	13653	11164	vanilla	worldDrop							true			da vanilla, dataset TBC
enchanting	175	Enchant Weapon - Lesser Elemental Slayer	13655	11165	vanilla	worldDrop							true			da vanilla, dataset TBC
enchanting	190	Enchant Boots - Lesser Spirit	13687	11167	vanilla	worldDrop							true			da vanilla, dataset TBC
enchanting	190	Enchant Weapon - Winter's Might	21931	17725	vanilla	worldEvent										da vanilla, dataset TBC
enchanting	195	Enchant Shield - Lesser Block	13689	11168	vanilla	worldDrop							true			da vanilla, dataset TBC
enchanting	200	Enchant Gloves - Skinning	13698	11166	vanilla	drop		Arathi Highlands								da vanilla, dataset TBC
enchanting	200	Lesser Wizard Oil	25126	20753	vanilla	vendor	Kania | Thaddeus Webb | Erilia | Lilly | Kithas | Nata Dawnstrider	Silithus | Undercity | Eversong Woods | Silverpine Forest | The Drag, Orgrimmar | Thunder Bluff	 |  |  |  | 53.8 | 44.8	 |  |  |  | 38.1 | 38.8	 | horde | horde | horde | horde | horde					da vanilla, dataset TBC + catturato in gioco
enchanting	210	Enchant Shield - Stamina	13817	11202	vanilla	worldDrop							true			da vanilla, dataset TBC
enchanting	215	Enchant Gloves - Advanced Mining	13841	11203	vanilla	drop		Stranglethorn Vale								da vanilla, dataset TBC
enchanting	220	Enchant Bracer - Greater Spirit	13846	11204	vanilla	worldDrop							true			da vanilla, dataset TBC
enchanting	225	Enchant Chest - Retricutioner	435903	215138	sod											
enchanting	225	Enchant Cloak - Lesser Agility	13882	11206	vanilla	drop		Tanaris | Alterac Mountains								da vanilla, dataset TBC
enchanting	225	Enchant Gloves - Advanced Herbalism	13868	11205	vanilla	drop		Swamp of Sorrows								da vanilla, dataset TBC
enchanting	225	Enchant Weapon - Dismantle	435481	215129	sod											
enchanting	225	Sigil of Innovation	439156	215141	sod											
enchanting	230	Enchant Weapon - Demonslaying	13915	11208	vanilla	worldDrop							true			da vanilla, dataset TBC
enchanting	235	Enchant Bracer - Deflection	13931	11223	vanilla	vendor	Banalash | Mythrin'dir	Swamp of Sorrows | Darnassus			horde | alliance					da vanilla, dataset TBC
enchanting	235	Enchant Shield - Frost Resistance	13933	11224	vanilla	worldDrop							true			da vanilla, dataset TBC
enchanting	245	Enchant Bracer - Greater Stamina	13945	11225	vanilla	worldDrop							true			da vanilla, dataset TBC
enchanting	250	Enchant Gloves - Riding Skill	13947	11226	vanilla	worldDrop							true			da vanilla, dataset TBC
enchanting	250	Lesser Mana Oil	25127	20754	vanilla	vendor	Kania	Silithus								da vanilla, dataset TBC
enchanting	255	Enchant Bracer - Greater Intellect	20008	16214	vanilla	trainer										da vanilla, dataset TBC
enchanting	260	Enchant Boots - Greater Stamina	20020	16215	vanilla	worldDrop							true			da vanilla, dataset TBC
enchanting	265	Enchant Cloak - Greater Resistance	20014	16216	vanilla	trainer										da vanilla, dataset TBC
enchanting	265	Enchant Shield - Greater Stamina	20017	16217	vanilla	vendor	Mythrin'dir | Daniel Bartlett	Darnassus | Undercity			alliance | horde					da vanilla, dataset TBC
enchanting	265	Enchant Weapon - Fiery Weapon	13898	11207	vanilla	drop	Pyromancer Loregrain	Blackrock Depths							52-52	da vanilla, dataset TBC
enchanting	270	Enchant Bracer - Superior Spirit	20009	16218	vanilla	worldDrop							true			da vanilla, dataset TBC
enchanting	270	Enchant Gloves - Greater Agility	20012	16219	vanilla	trainer										da vanilla, dataset TBC
enchanting	275	Conductive Shield Coating	463869	228981	sod											
enchanting	275	Enchant Boots - Spirit	20024	16220	vanilla	worldDrop							true			da vanilla, dataset TBC
enchanting	275	Enchant Chest - Major Stamina	20026	16221	vanilla	vendor	Qia	Winterspring								da vanilla, dataset TBC
enchanting	275	Wizard Oil	25128	20755	vanilla	vendor	Kania	Silithus								da vanilla, dataset TBC
enchanting	280	Enchant 2H Weapon - Grand Arcanist	1231139	241195	sod											
enchanting	280	Enchant 2H Weapon - Grand Inquisitor	1232172	242361	sod											
enchanting	280	Enchant Shield - Superior Spirit	20016	16222	vanilla	trainer										da vanilla, dataset TBC
enchanting	280	Enchant Weapon - Grand Crusader	1231128	241191	sod											
enchanting	280	Enchant Weapon - Grand Sorcerer	1231164	241201	sod											
enchanting	285	Enchant Cloak - Superior Defense	20015	16224	vanilla	vendor	Lorelae Wintersong	Moonglade								da vanilla, dataset TBC
enchanting	285	Enchant Weapon - Icy Chill	20029	16223	vanilla	drop		Winterspring								da vanilla, dataset TBC
enchanting	290	Enchant 2H Weapon - Agility	27837	22392	vanilla	vendor	Meilosh	Felwood			horde					da vanilla, dataset TBC
enchanting	290	Enchant Bracer - Mana Regeneration	23801	19446	vanilla	vendor	Argent Quartermaster Hasana | Quartermaster Miranda Breechlock | Argent Quartermaster Lightspark	Tirisfal Glades | Eastern Plaguelands | Western Plaguelands								da vanilla, dataset TBC
enchanting	290	Enchant Chest - Major Intellect	20028	16242	vanilla	trainer										da vanilla, dataset TBC
enchanting	290	Enchant Weapon - Agility	23800	19445	vanilla	vendor	Meilosh	Felwood			horde					da vanilla, dataset TBC
enchanting	290	Enchant Weapon - Strength	23799	19444	vanilla	vendor	Lokhtos Darkbargainer	Blackrock Depths								da vanilla, dataset TBC
enchanting	290	Runed Arcanite Rod	20051	16243	vanilla	vendor	Lorelae Wintersong	Moonglade								da vanilla, dataset TBC
enchanting	290	Sigil of Flowing Waters	463866	228979	sod											
enchanting	295	Enchant 2H Weapon - Superior Impact	20030	16247	vanilla	drop		Blackrock Spire								da vanilla, dataset TBC
enchanting	295	Enchant Boots - Greater Agility	20023	16245	vanilla	trainer										da vanilla, dataset TBC
enchanting	295	Enchant Bracer - Superior Strength	20010	16246	vanilla	drop		Deadwind Pass								da vanilla, dataset TBC
enchanting	295	Enchant Gloves - Greater Strength	20013	16244	vanilla	trainer										da vanilla, dataset TBC
enchanting	295	Enchant Weapon - Unholy Weapon	20033	16248	vanilla	drop		Stratholme | Terokkar Forest								da vanilla, dataset TBC
enchanting	300	Brilliant Mana Oil	25130	20757	vanilla	vendor	Rin'wosho the Trader	Stranglethorn Vale								da vanilla, dataset TBC
enchanting	300	Brilliant Wizard Oil	25129	20756	vanilla	vendor	Rin'wosho the Trader	Stranglethorn Vale								da vanilla, dataset TBC
enchanting	300	Enchant 2H Weapon - Major Intellect	20036	16249	vanilla	drop		Stratholme								da vanilla, dataset TBC
enchanting	300	Enchant 2H Weapon - Major Spirit	20035	16255	vanilla	drop		Scholomance								da vanilla, dataset TBC
enchanting	300	Enchant 2H Weapon - Spellblasting	1219580	274394	sod	vendor	Alynsia | Beneris	Three Corners, Redridge Mountains | The Barrens	11.2 | 49.7	71.5 | 29.8	alliance | horde					foreverchanges, letto da wowhead + catturato in gioco
enchanting	300	Enchant Bracer - Greater Spellpower	1220624	274401	sod	vendor	Alynsia | Beneris	Three Corners, Redridge Mountains | The Barrens	11.2 | 49.7	71.5 | 29.8	alliance | horde					foreverchanges, letto da wowhead + catturato in gioco
enchanting	300	Enchant Bracer - Healing Power	23802	19447	vanilla	vendor	Argent Quartermaster Hasana | Quartermaster Miranda Breechlock | Argent Quartermaster Lightspark	Tirisfal Glades | Eastern Plaguelands | Western Plaguelands								da vanilla, dataset TBC
enchanting	300	Enchant Bracer - Superior Stamina	20011	16251	vanilla	worldDrop							true			da vanilla, dataset TBC
enchanting	300	Enchant Chest - Greater Stats	20025	16253	vanilla	worldDrop							true			da vanilla, dataset TBC
enchanting	300	Enchant Cloak - Agility	1219587	274399	sod	vendor	Alynsia | Beneris	Three Corners, Redridge Mountains | The Barrens	11.2 | 49.7	71.5 | 29.8	alliance | horde					foreverchanges, letto da wowhead + catturato in gioco
enchanting	300	Enchant Cloak - Dodge	25086	20736	vanilla	vendor	Nakodu	Shattrath City								da vanilla, dataset TBC
enchanting	300	Enchant Cloak - Greater Fire Resistance	25081	20732	vanilla	vendor	Kania	Silithus								da vanilla, dataset TBC
enchanting	300	Enchant Cloak - Greater Nature Resistance	25082	20733	vanilla	vendor	Kania	Silithus								da vanilla, dataset TBC
enchanting	300	Enchant Cloak - Stealth	25083	20734	vanilla	vendor	Fedryen Swiftspear	Zangarmarsh								da vanilla, dataset TBC
enchanting	300	Enchant Cloak - Subtlety	25084	20735	vanilla	vendor	Logistics Officer Ulrike | Quartermaster Urgronn	Hellfire Peninsula | Hellfire Peninsula			alliance | horde					da vanilla, dataset TBC
enchanting	300	Enchant Gloves - Arcane Power	1213626	249534	sod	vendor	Alynsia | Beneris	Three Corners, Redridge Mountains | The Barrens	11.2 | 49.7	71.5 | 29.8	alliance | horde					foreverchanges, letto da wowhead + catturato in gioco
enchanting	300	Enchant Gloves - Fire Power	25078	20729	vanilla	drop		Temple of Ahn'Qiraj								da vanilla, dataset TBC
enchanting	300	Enchant Gloves - Frost Power	25074	20728	vanilla	drop		Temple of Ahn'Qiraj								da vanilla, dataset TBC
enchanting	300	Enchant Gloves - Healing Power	25079	20730	vanilla	drop		Temple of Ahn'Qiraj								da vanilla, dataset TBC
enchanting	300	Enchant Gloves - Holy Power	1213622	249536	sod	vendor	Alynsia | Beneris	Three Corners, Redridge Mountains | The Barrens	11.2 | 49.7	71.5 | 29.8	alliance | horde					foreverchanges, letto da wowhead + catturato in gioco
enchanting	300	Enchant Gloves - Shadow Power	25073	20727	vanilla	drop		Temple of Ahn'Qiraj								da vanilla, dataset TBC
enchanting	300	Enchant Gloves - Superior Agility	25080	20731	vanilla	vendor	Alurmi	Tanaris								da vanilla, dataset TBC
enchanting	300	Enchant Gloves - Threat	25072	20726	vanilla	vendor	Almaador	Shattrath City								da vanilla, dataset TBC
enchanting	300	Enchant Off-Hand - Excellent Spirit	1219578	274392	sod											
enchanting	300	Enchant Off-Hand - Superior Intellect	1219577	274391	sod											
enchanting	300	Enchant Off-Hand - Wisdom	1219579	274393	sod	vendor	Alynsia | Beneris	Three Corners, Redridge Mountains | The Barrens	11.2 | 49.7	71.5 | 29.8	alliance | horde					foreverchanges, letto da wowhead + catturato in gioco
enchanting	300	Enchant Shield - Critical Strike	1220623	274400	sod											
enchanting	300	Enchant Shield - Excellent Stamina	1219581	274395	sod											
enchanting	300	Enchant Shield - Law of Nature	463871	228982	sod											
enchanting	300	Enchant Weapon - Crusader	20034	16252	vanilla	drop		Western Plaguelands | Eastern Plaguelands								da vanilla, dataset TBC
enchanting	300	Enchant Weapon - Healing Power	22750	18260	vanilla	drop		Molten Core								da vanilla, dataset TBC
enchanting	300	Enchant Weapon - Lifestealing	20032	16254	vanilla	drop		Scholomance								da vanilla, dataset TBC
enchanting	300	Enchant Weapon - Mighty Intellect	23804	19449	vanilla	vendor	Lokhtos Darkbargainer	Blackrock Depths								da vanilla, dataset TBC
enchanting	300	Enchant Weapon - Mighty Spirit	23803	19448	vanilla	vendor	Lokhtos Darkbargainer	Blackrock Depths								da vanilla, dataset TBC
enchanting	300	Enchant Weapon - Spell Power	22749	18259	vanilla	drop		Molten Core								da vanilla, dataset TBC
enchanting	300	Enchant Weapon - Superior Striking	20031	16250	vanilla	drop		Blackrock Spire								da vanilla, dataset TBC
enchanting	300	Magnificent Trollshine	471400	232610	sod											
enchanting		Enchant 2H Weapon - Greater Impact	13937		vanilla	trainer										da vanilla, dataset TBC
enchanting		Enchant 2H Weapon - Impact	13695		vanilla	trainer										da vanilla, dataset TBC
enchanting		Enchant 2H Weapon - Lesser Impact	13529		vanilla	trainer										da vanilla, dataset TBC
enchanting		Enchant 2H Weapon - Minor Impact	7745		vanilla	trainer										da vanilla, dataset TBC
enchanting		Enchant Boots - Agility	13935		vanilla	trainer										da vanilla, dataset TBC
enchanting		Enchant Boots - Lesser Agility	13637		vanilla	trainer										da vanilla, dataset TBC
enchanting		Enchant Boots - Lesser Stamina	13644		vanilla	trainer										da vanilla, dataset TBC
enchanting		Enchant Boots - Minor Speed	13890		vanilla	trainer										da vanilla, dataset TBC
enchanting		Enchant Boots - Stamina	13836		vanilla	trainer										da vanilla, dataset TBC
enchanting		Enchant Bracer - Agility	1217203	235528	sod											
enchanting		Enchant Bracer - Greater Strength	13939		vanilla	trainer										da vanilla, dataset TBC
enchanting		Enchant Bracer - Inferior Stamina	7418		vanilla	trainer										da vanilla, dataset TBC
enchanting		Enchant Bracer - Intellect	13822		vanilla	trainer										da vanilla, dataset TBC
enchanting		Enchant Bracer - Lesser Intellect	13622		vanilla	trainer										da vanilla, dataset TBC
enchanting		Enchant Bracer - Lesser Stamina	13501		vanilla	trainer										da vanilla, dataset TBC
enchanting		Enchant Bracer - Minor Agility	7779		vanilla	trainer										da vanilla, dataset TBC
enchanting		Enchant Bracer - Minor Deflect	7428		vanilla	trainer										da vanilla, dataset TBC
enchanting		Enchant Bracer - Minor Stamina	7457		vanilla	trainer										da vanilla, dataset TBC
enchanting		Enchant Bracer - Spell Power	1217189	235526	sod	drop										Formula drops in Molten Core [foreverchanges 2026-09-24]
enchanting		Enchant Bracer - Spirit	13642		vanilla	trainer										da vanilla, dataset TBC
enchanting		Enchant Bracer - Stamina	13648		vanilla	trainer										da vanilla, dataset TBC
enchanting		Enchant Bracer - Strength	13661		vanilla	trainer										da vanilla, dataset TBC
enchanting		Enchant Chest - Greater Intellect	13663		vanilla	trainer										da vanilla, dataset TBC
enchanting		Enchant Chest - Greater Stamina	13640		vanilla	trainer										da vanilla, dataset TBC
enchanting		Enchant Chest - Inferior Stamina	7420		vanilla	trainer										da vanilla, dataset TBC
enchanting		Enchant Chest - Intellect	13607		vanilla	trainer										da vanilla, dataset TBC
enchanting		Enchant Chest - Lesser Absorption	13538		vanilla	trainer										da vanilla, dataset TBC
enchanting		Enchant Chest - Lesser Stamina	7748		vanilla	trainer										da vanilla, dataset TBC
enchanting		Enchant Chest - Lesser Stats	13700		vanilla	trainer										da vanilla, dataset TBC
enchanting		Enchant Chest - Living Stats	1213616	233997	sod											
enchanting		Enchant Chest - Minor Absorption	7426		vanilla	trainer										da vanilla, dataset TBC
enchanting		Enchant Chest - Minor Stats	13626		vanilla	trainer										da vanilla, dataset TBC
enchanting		Enchant Chest - Stamina	7857		vanilla	trainer										da vanilla, dataset TBC
enchanting		Enchant Chest - Stats	13941		vanilla	trainer										da vanilla, dataset TBC
enchanting		Enchant Chest - Superior Intellect	13917		vanilla	trainer										da vanilla, dataset TBC
enchanting		Enchant Chest - Superior Stamina	13858		vanilla	trainer										da vanilla, dataset TBC
enchanting		Enchant Cloak - Defense	13635		vanilla	trainer										da vanilla, dataset TBC
enchanting		Enchant Cloak - Fire Resistance	13657		vanilla	trainer										da vanilla, dataset TBC
enchanting		Enchant Cloak - Greater Defense	13746		vanilla	trainer										da vanilla, dataset TBC
enchanting		Enchant Cloak - Lesser Fire Resistance	7861		vanilla	trainer										da vanilla, dataset TBC
enchanting		Enchant Cloak - Lesser Protection	13421		vanilla	trainer										da vanilla, dataset TBC
enchanting		Enchant Cloak - Minor Resistance	7454		vanilla	trainer										da vanilla, dataset TBC
enchanting		Enchant Cloak - Resistance	13794		vanilla	trainer										da vanilla, dataset TBC
enchanting		Enchant Gloves - Agility	13815		vanilla	trainer										da vanilla, dataset TBC
enchanting		Enchant Gloves - Minor Haste	13948		vanilla	trainer										da vanilla, dataset TBC
enchanting		Enchant Gloves - Strength	13887		vanilla	trainer										da vanilla, dataset TBC
enchanting		Enchant Shield - Greater Spirit	13905		vanilla	trainer										da vanilla, dataset TBC
enchanting		Enchant Shield - Lesser Spirit	13485		vanilla	trainer										da vanilla, dataset TBC
enchanting		Enchant Shield - Lesser Stamina	13631		vanilla	trainer										da vanilla, dataset TBC
enchanting		Enchant Shield - Minor Stamina	13378		vanilla	trainer										da vanilla, dataset TBC
enchanting		Enchant Shield - Spirit	13659		vanilla	trainer										da vanilla, dataset TBC
enchanting		Enchant Weapon - Greater Striking	13943		vanilla	trainer										da vanilla, dataset TBC
enchanting		Enchant Weapon - Lesser Striking	13503		vanilla	trainer										da vanilla, dataset TBC
enchanting		Enchant Weapon - Minor Striking	7788		vanilla	trainer										da vanilla, dataset TBC
enchanting		Enchant Weapon - Striking	13693		vanilla	trainer										da vanilla, dataset TBC
enchanting		Enchanted Leather	17181		vanilla	trainer										da vanilla, dataset TBC
enchanting		Enchanted Lute	1230643		sod											
enchanting		Enchanted Thorium	17180		vanilla	trainer										da vanilla, dataset TBC
enchanting		Greater Magic Wand	14807		vanilla	trainer										da vanilla, dataset TBC
enchanting		Greater Mystic Wand	14810		vanilla	trainer										da vanilla, dataset TBC
enchanting		Greater Mystic Wand	439134		sod											
enchanting		Lesser Magic Wand	14293		vanilla	trainer										da vanilla, dataset TBC
enchanting		Lesser Mystic Wand	14809		vanilla	trainer										da vanilla, dataset TBC
enchanting		Minor Wizard Oil	25124	20751	vanilla	vendor	Kania | Thaddeus Webb | Erilia | Lilly	Silithus | Undercity | Eversong Woods | Silverpine Forest			 | horde | horde | horde					da vanilla, dataset TBC
enchanting		Runed Copper Rod	7421		vanilla	trainer										da vanilla, dataset TBC
enchanting		Runed Golden Rod	13628		vanilla	trainer										da vanilla, dataset TBC
enchanting		Runed Silver Rod	7795		vanilla	trainer										da vanilla, dataset TBC
enchanting		Runed Truesilver Rod	13702		vanilla	trainer										da vanilla, dataset TBC
engineering	75	Mechanical Squirrel	3928	4408	vanilla	worldDrop							true			da vanilla, dataset TBC
engineering	100	EZ-Thro Dynamite	8339	6716	vanilla	worldDrop							true			da vanilla, dataset TBC
engineering	100	Small Seaforium Charge	3933	4409	vanilla	worldDrop							true			da vanilla, dataset TBC
engineering	120	Lovingly Crafted Boomstick	3939	13309	vanilla	vendor	Fradd Swiftgear | Jinky Twizzlefixxit	Wetlands | Thousand Needles			alliance | 					da vanilla, dataset TBC
engineering	120	Shadow Goggles	3940	4410	vanilla	worldDrop							true			da vanilla, dataset TBC
engineering	125	Flame Deflector	3944	4411	vanilla	drop	Mekgineer Thermaplugg	Gnomeregan							28-28	da vanilla, dataset TBC
engineering	125	Gnomish Universal Remote	9269	7560	vanilla	vendor	Gearcutter Cogspinner | Jinky Twizzlefixxit	Ironforge | Thousand Needles			alliance | 					da vanilla, dataset TBC
engineering	125	Small Blue Rocket	26416	21724	vanilla	vendor	Fariel Starsong	Moonglade								da vanilla, dataset TBC
engineering	125	Small Green Rocket	26417	21725	vanilla	vendor	Fariel Starsong	Moonglade								da vanilla, dataset TBC
engineering	125	Small Red Rocket	26418	21726	vanilla	vendor	Fariel Starsong	Moonglade								da vanilla, dataset TBC
engineering	130	Goblin Rocket Boots	8895	7192	vanilla	trainer	Nixx Sprocketspring	Tanaris						Goblin Engineering Trainer		da vanilla, dataset TBC
engineering	135	Shredder Autosalvage Unit	424641	210178	sod											
engineering	140	Minor Recombobulator	3952	14639	vanilla	vendor	Gagsprocket | Namdo Bizzfizzle | Fradd Swiftgear	The Barrens | Gnomeregan | Wetlands			 | alliance | alliance					da vanilla, dataset TBC
engineering	145	Moonsight Rifle	3954	4412	vanilla	worldDrop							true			da vanilla, dataset TBC
engineering	150	Blue Firework	23067	18649	vanilla	vendor	Gearcutter Cogspinner	Ironforge			alliance					da vanilla, dataset TBC
engineering	150	Green Firework	23068	18648	vanilla	vendor	Crazk Sparks | Gagsprocket	Stranglethorn Vale | The Barrens								da vanilla, dataset TBC
engineering	150	Red Firework	23066	18647	vanilla	vendor	Sovik	Valley of Honor, Orgrimmar	75.6	25.3	horde					da vanilla, dataset TBC + catturato in gioco
engineering	155	Ice Deflector	3957	13308	vanilla	vendor	Rizz Loosebolt	Alterac Mountains								da vanilla, dataset TBC
engineering	160	Discombobulator Ray	3959	4413	vanilla	drop	Mekgineer Thermaplugg	Gnomeregan							28-28	da vanilla, dataset TBC
engineering	165	Goblin Jumper Cables	9273	7561	vanilla	vendor	Veenix | Kzixx | Zixil	Stonetalon Mountains | Duskwood | Hillsbrad Foothills								da vanilla, dataset TBC
engineering	165	Portable Bronze Mortar	3960	4414	vanilla	worldDrop							true			da vanilla, dataset TBC
engineering	175	Bright-Eye Goggles	12587	10601	vanilla	worldDrop							true			da vanilla, dataset TBC
engineering	175	Large Blue Rocket	26420	21727	vanilla	vendor	Fariel Starsong	Moonglade								da vanilla, dataset TBC
engineering	175	Large Green Rocket	26421	21728	vanilla	vendor	Fariel Starsong	Moonglade								da vanilla, dataset TBC
engineering	175	Large Red Rocket	26422	21729	vanilla	vendor	Fariel Starsong	Moonglade								da vanilla, dataset TBC
engineering	180	Accurate Scope	3979	13310	vanilla	vendor	Mazk Snipeshot	Stranglethorn Vale								da vanilla, dataset TBC
engineering	185	Craftsman's Monocle	3966	4415	vanilla	worldDrop							true			da vanilla, dataset TBC
engineering	185	Flash Bomb	8243	6672	vanilla	quest		Badlands								da vanilla, dataset TBC
engineering	190	Snowmaster 9000	21940	17720	vanilla	worldEvent										da vanilla, dataset TBC
engineering	195	Goblin Land Mine	3968	4416	vanilla	worldDrop							true			da vanilla, dataset TBC
engineering	200	EZ-Thro Dynamite II	23069	18650	vanilla	vendor	Blizrik Buckshot	Tanaris								da vanilla, dataset TBC
engineering	200	Gnomish Cloaking Device	3971	7742	vanilla	vendor	Zan Shivsproket	Alterac Mountains								da vanilla, dataset TBC
engineering	200	Large Seaforium Charge	3972	4417	vanilla	worldDrop							true			da vanilla, dataset TBC
engineering	200	Mechanical Dragonling	3969	13311	vanilla	vendor	Gnaz Blunderflame	Stranglethorn Vale								da vanilla, dataset TBC
engineering	200	Polished Truesilver Gears	435956	215429	sod											
engineering	205	Goblin Mining Helmet	12717	221336	vanilla	trainer	Vazario Linkgrease | Nixx Sprocketspring	The Barrens | Tanaris						Goblin Engineering Trainer		da vanilla, dataset TBC
engineering	205	Lil' Smoky	15633	11827	vanilla	container		Gnomeregan								da vanilla, dataset TBC
engineering	205	Pet Bombling	15628	11828	vanilla	container		Gnomeregan								da vanilla, dataset TBC
engineering	205	Soul Vessel	431362	212230	sod											
engineering	210	Deadly Scope	12597	10602	vanilla	vendor	Knaz Blunderflame | Yuka Screwspigot	Stranglethorn Vale | Burning Steppes								da vanilla, dataset TBC
engineering	220	Catseye Ultra Goggles	12607	10603	vanilla	worldDrop							true			da vanilla, dataset TBC
engineering	220	Mithril Heavy-bore Rifle	12614	10604	vanilla	worldDrop							true			da vanilla, dataset TBC
engineering	225	Blue Rocket Cluster	26423	21730	vanilla	vendor	Fariel Starsong	Moonglade								da vanilla, dataset TBC
engineering	225	Firework Launcher	26442	21738	vanilla	vendor	Fariel Starsong	Moonglade								da vanilla, dataset TBC
engineering	225	Green Rocket Cluster	26424	21731	vanilla	vendor	Fariel Starsong	Moonglade								da vanilla, dataset TBC
engineering	225	Parachute Cloak	12616	10606	vanilla	worldDrop							true			da vanilla, dataset TBC
engineering	225	Red Rocket Cluster	26425	21732	vanilla	vendor	Fariel Starsong	Moonglade								da vanilla, dataset TBC
engineering	225	Spellpower Goggles Xtreme	12615	10605	vanilla	trainer										da vanilla, dataset TBC
engineering	230	Deepdive Helmet	12617	10607	vanilla	vendor	Jubie Gadgetspring	Azshara								da vanilla, dataset TBC
engineering	240	Sniper Scope	12620	10608	vanilla	worldDrop							true			da vanilla, dataset TBC
engineering	250	Mithril Mechanical Dragonling	12624	10609	vanilla	vendor	Ruppo Zipcoil	The Hinterlands								da vanilla, dataset TBC
engineering	250	Pop-Up Shrub	1228088	239222	sod											
engineering	250	Snake Burst Firework	23507	19027	vanilla	vendor	Zorbin Fandazzle	Feralas								da vanilla, dataset TBC
engineering	250	Tinkerbox	1226206	238782	sod											
engineering	260	Gyrofreeze Ice Reflector	23077	18652	vanilla	vendor	Xizzer Fizzbolt	Winterspring								da vanilla, dataset TBC
engineering	260	Thorium Grenade	19790	16041	vanilla	trainer	Sovik	Valley of Honor, Orgrimmar	75.6	25.3	horde					da vanilla, dataset TBC + catturato in gioco
engineering	260	Thorium Rifle	19792	16043	vanilla	trainer										da vanilla, dataset TBC
engineering	260	Thorium Widget	19791	16042	vanilla	trainer	Sovik	Valley of Honor, Orgrimmar	75.6	25.3	horde					da vanilla, dataset TBC + catturato in gioco
engineering	260	Tinkerbox: Magnetic Displacement	1226209	238785	sod											
engineering	260	Tinkerbox: Nitro Boosts	1226208	238784	sod											
engineering	260	Tinkerbox: Teleport	1226207	238783	sod											
engineering	260	Truesilver Transformer	23071	18651	vanilla	trainer										da vanilla, dataset TBC
engineering	260	World Enlarger	23129	18661	vanilla	drop		Blackrock Depths								da vanilla, dataset TBC
engineering	265	Alarm-O-Bot	23096	18654	vanilla	drop		Blackrock Depths								da vanilla, dataset TBC
engineering	265	Goblin Jumper Cables XL	23078	18653	vanilla	drop	Plugger Spazzring	Blackrock Depths							55-55	da vanilla, dataset TBC
engineering	265	Lifelike Mechanical Toad	19793	16044	vanilla	worldDrop							true			da vanilla, dataset TBC
engineering	270	Spellpower Goggles Xtreme Plus	19794	16045	vanilla	trainer										da vanilla, dataset TBC
engineering	275	Dark Iron Rifle	19796	16048	vanilla	drop		Blackrock Depths								da vanilla, dataset TBC
engineering	275	Firework Cluster Launcher	26443	21737	vanilla	vendor	Fariel Starsong	Moonglade								da vanilla, dataset TBC
engineering	275	Large Blue Rocket Cluster	26426	21733	vanilla	vendor	Fariel Starsong	Moonglade								da vanilla, dataset TBC
engineering	275	Large Green Rocket Cluster	26427	21734	vanilla	vendor	Fariel Starsong	Moonglade								da vanilla, dataset TBC
engineering	275	Large Red Rocket Cluster	26428	21735	vanilla	vendor	Fariel Starsong	Moonglade								da vanilla, dataset TBC
engineering	275	Major Recombobulator	23079	18655	vanilla	container		Dire Maul								da vanilla, dataset TBC
engineering	275	Masterwork Target Dummy	19814	16046	vanilla	vendor	Xizzer Fizzbolt	Winterspring								da vanilla, dataset TBC
engineering	275	Powerful Seaforium Charge	23080	18656	vanilla	vendor	Xizzer Fizzbolt	Winterspring								da vanilla, dataset TBC
engineering	275	Steam Tonk Controller	28327	22729	vanilla	vendor	Sovik | Gearcutter Cogspinner	Orgrimmar | Ironforge			horde | alliance					da vanilla, dataset TBC
engineering	275	Thorium Tube	19795	16047	vanilla	trainer										da vanilla, dataset TBC
engineering	280	Tinker: Magnetic Displacement	1226212	238788	sod											
engineering	280	Tinker: Nitro Boosts	1226211	238787	sod											
engineering	280	Tinker: Teleport	1226210	238786	sod											
engineering	285	Dark Iron Bomb	19799	16049	vanilla	drop		Blackrock Depths								da vanilla, dataset TBC
engineering	285	Delicate Arcanite Converter	19815	16050	vanilla	vendor	Xizzer Fizzbolt	Winterspring								da vanilla, dataset TBC
engineering	285	Thorium Shells	19800	16051	vanilla	trainer										da vanilla, dataset TBC
engineering	290	Hyper-Radiant Flame Reflector	23081	18657	vanilla	drop	Solakar Flamewreath	Blackrock Spire							60-60	da vanilla, dataset TBC
engineering	290	Master Engineer's Goggles	19825	16053	vanilla	trainer										da vanilla, dataset TBC
engineering	290	Voice Amplification Modulator	19819	16052	vanilla	drop		Stratholme								da vanilla, dataset TBC
engineering	300	Arcane Bomb	19831	16055	vanilla	worldDrop							true			da vanilla, dataset TBC
engineering	300	Arcanite Dragonling	19830	16054	vanilla	drop		Winterspring								da vanilla, dataset TBC
engineering	300	Biznicks 247x128 Accurascope	22793	18290	vanilla	drop		Molten Core								da vanilla, dataset TBC
engineering	300	Bloodvine Goggles	24356	20000	vanilla	vendor	Rin'wosho the Trader	Stranglethorn Vale								da vanilla, dataset TBC
engineering	300	Bloodvine Lens	24357	20001	vanilla	vendor	Rin'wosho the Trader	Stranglethorn Vale								da vanilla, dataset TBC
engineering	300	Core Marksman Rifle	22795	18292	vanilla	drop		Molten Core								da vanilla, dataset TBC
engineering	300	Field Repair Bot 74A	22704	18235	vanilla	container		Blackrock Depths								da vanilla, dataset TBC
engineering	300	Flawless Arcanite Rifle	19833	16056	vanilla	drop		Eastern Plaguelands								da vanilla, dataset TBC
engineering	300	Force Reactive Disk	22797	18291	vanilla	drop		Molten Core								da vanilla, dataset TBC
engineering	300	Ultra-Flash Shadow Reflector	23082	18658	vanilla	drop		Stratholme								da vanilla, dataset TBC
engineering		Advanced Target Dummy	3965		vanilla	trainer										da vanilla, dataset TBC
engineering		Aquadynamic Fish Attractor	9271		vanilla	trainer										da vanilla, dataset TBC
engineering		Arclight Spanner	7430		vanilla	trainer										da vanilla, dataset TBC
engineering		Big Bronze Bomb	3950		vanilla	trainer										da vanilla, dataset TBC
engineering		Big Iron Bomb	3967		vanilla	trainer										da vanilla, dataset TBC
engineering		Bronze Framework	3953		vanilla	trainer										da vanilla, dataset TBC
engineering		Bronze Tube	3938		vanilla	trainer										da vanilla, dataset TBC
engineering		Coarse Blasting Powder	3929		vanilla	trainer										da vanilla, dataset TBC
engineering		Coarse Dynamite	3931		vanilla	trainer										da vanilla, dataset TBC
engineering		Compact Harvest Reaper Kit	3963		vanilla	trainer										da vanilla, dataset TBC
engineering		Copper Modulator	3926		vanilla	trainer										da vanilla, dataset TBC
engineering		Copper Tube	3924		vanilla	trainer										da vanilla, dataset TBC
engineering		Crafted Heavy Shot	3930		vanilla	trainer										da vanilla, dataset TBC
engineering		Crafted Light Shot	3920		vanilla	trainer										da vanilla, dataset TBC
engineering		Crafted Solid Shot	3947		vanilla	trainer										da vanilla, dataset TBC
engineering		Crude Scope	3977		vanilla	trainer										da vanilla, dataset TBC
engineering		Deadly Blunderbuss	3936		vanilla	trainer										da vanilla, dataset TBC
engineering		Dense Blasting Powder	19788		vanilla	trainer										da vanilla, dataset TBC
engineering		Dense Dynamite	23070		vanilla	trainer										da vanilla, dataset TBC
engineering		Dimensional Ripper - Everlook	23486		vanilla	trainer	Zap Farflinger	Winterspring								da vanilla, dataset TBC
engineering		Explosive Arrow	12719		vanilla											
engineering		Explosive Sheep	3955		vanilla	trainer										da vanilla, dataset TBC
engineering		Fire Goggles	12594		vanilla	trainer										da vanilla, dataset TBC
engineering		Flying Tiger Goggles	3934		vanilla	trainer										da vanilla, dataset TBC
engineering		Gnomish Battle Chicken	12906	221332	vanilla	trainer	Tinkmaster Overspark | Oglethorpe Obnoticus	Ironforge | Stranglethorn Vale			alliance | 			Gnomish Engineering Trainer		da vanilla, dataset TBC
engineering		Gnomish Death Ray	12759	221334	vanilla	trainer	Tinkmaster Overspark | Oglethorpe Obnoticus	Ironforge | Stranglethorn Vale			alliance | 			Gnomish Engineering Trainer		da vanilla, dataset TBC
engineering		Gnomish Goggles	12897	221328	vanilla	trainer	Tinkmaster Overspark | Oglethorpe Obnoticus	Ironforge | Stranglethorn Vale			alliance | 			Gnomish Engineering Trainer		da vanilla, dataset TBC
engineering		Gnomish Harm Prevention Belt	12903	221330	vanilla	trainer	Tinkmaster Overspark | Oglethorpe Obnoticus	Ironforge | Stranglethorn Vale			alliance | 			Gnomish Engineering Trainer		da vanilla, dataset TBC
engineering		Gnomish Mind Control Cap	12907	221333	vanilla	trainer	Tinkmaster Overspark | Oglethorpe Obnoticus	Ironforge | Stranglethorn Vale			alliance | 			Gnomish Engineering Trainer		da vanilla, dataset TBC
engineering		Gnomish Net-o-Matic Projector	12902	221329	vanilla	trainer	Tinkmaster Overspark | Oglethorpe Obnoticus	Ironforge | Stranglethorn Vale			alliance | 			Gnomish Engineering Trainer		da vanilla, dataset TBC
engineering		Gnomish Rocket Boots	12905	221331	vanilla	trainer	Tinkmaster Overspark | Oglethorpe Obnoticus	Ironforge | Stranglethorn Vale			alliance | 			Gnomish Engineering Trainer		da vanilla, dataset TBC
engineering		Gnomish Shrink Ray	12899	221327	vanilla	trainer	Tinkmaster Overspark | Oglethorpe Obnoticus	Ironforge | Stranglethorn Vale			alliance | 			Gnomish Engineering Trainer		da vanilla, dataset TBC
engineering		Goblin Bomb Dispenser	12755	221340	vanilla	trainer	Vazario Linkgrease | Nixx Sprocketspring	The Barrens | Tanaris						Goblin Engineering Trainer		da vanilla, dataset TBC
engineering		Goblin Construction Helmet	12718	221335	vanilla	trainer	Vazario Linkgrease | Nixx Sprocketspring	The Barrens | Tanaris						Goblin Engineering Trainer		da vanilla, dataset TBC
engineering		Goblin Dragon Gun	12908	221342	vanilla	trainer	Vazario Linkgrease | Nixx Sprocketspring	The Barrens | Tanaris						Goblin Engineering Trainer		da vanilla, dataset TBC
engineering		Goblin Mortar	12716		vanilla	trainer	Vazario Linkgrease | Nixx Sprocketspring	The Barrens | Tanaris						Goblin Engineering Trainer		da vanilla, dataset TBC
engineering		Goblin Rocket Fuel Recipe	12715		vanilla	trainer	Nixx Sprocketspring	Tanaris						Goblin Engineering Trainer		da vanilla, dataset TBC
engineering		Goblin Rocket Helmet	12758	221343	vanilla	trainer	Vazario Linkgrease | Nixx Sprocketspring	The Barrens | Tanaris						Goblin Engineering Trainer		da vanilla, dataset TBC
engineering		Goblin Sapper Charge	12760	221338	vanilla	trainer	Nixx Sprocketspring	Tanaris						Goblin Engineering Trainer		da vanilla, dataset TBC
engineering		Gold Power Core	12584		vanilla	trainer										da vanilla, dataset TBC
engineering		Green Lens	12622		vanilla	trainer										da vanilla, dataset TBC
engineering		Green Tinted Goggles	3956		vanilla	trainer										da vanilla, dataset TBC
engineering		Gyrochronatom	3961		vanilla	trainer										da vanilla, dataset TBC
engineering		Gyromatic Micro-Adjustor	12590		vanilla	trainer										da vanilla, dataset TBC
engineering		Handful of Copper Bolts	3922		vanilla	trainer										da vanilla, dataset TBC
engineering		Heavy Blasting Powder	3945		vanilla	trainer										da vanilla, dataset TBC
engineering		Heavy Dynamite	3946		vanilla	trainer										da vanilla, dataset TBC
engineering		Hi-Explosive Bomb	12619		vanilla	trainer										da vanilla, dataset TBC
engineering		Hi-Impact Mithril Slugs	12596		vanilla	trainer										da vanilla, dataset TBC
engineering		Inlaid Mithril Cylinder Plans	12895		vanilla	trainer	Tinkmaster Overspark | Oglethorpe Obnoticus	Ironforge | Stranglethorn Vale			alliance | 			Gnomish Engineering Trainer		da vanilla, dataset TBC
engineering		Iron Grenade	3962		vanilla	trainer										da vanilla, dataset TBC
engineering		Iron Strut	3958		vanilla	trainer										da vanilla, dataset TBC
engineering		Large Copper Bomb	3937		vanilla	trainer										da vanilla, dataset TBC
engineering		Mechanical Repair Kit	15255		vanilla	trainer										da vanilla, dataset TBC
engineering		Mithril Blunderbuss	12595		vanilla	trainer										da vanilla, dataset TBC
engineering		Mithril Casing	12599		vanilla	trainer										da vanilla, dataset TBC
engineering		Mithril Frag Bomb	12603		vanilla	trainer										da vanilla, dataset TBC
engineering		Mithril Gyro-Shot	12621		vanilla	trainer										da vanilla, dataset TBC
engineering		Mithril Tube	12589		vanilla	trainer										da vanilla, dataset TBC
engineering		Mobile Alarm	12900		vanilla											
engineering		Ornate Spyglass	6458		vanilla	trainer										da vanilla, dataset TBC
engineering		Practice Lock	8334		vanilla	trainer										da vanilla, dataset TBC
engineering		Reagent Bot	1230656		sod											
engineering		Rose Colored Goggles	12618		vanilla	trainer										da vanilla, dataset TBC
engineering		Rough Blasting Powder	3918		vanilla	trainer										da vanilla, dataset TBC
engineering		Rough Boomstick	3925		vanilla	trainer										da vanilla, dataset TBC
engineering		Rough Copper Bomb	3923		vanilla	trainer										da vanilla, dataset TBC
engineering		Rough Dynamite	3919		vanilla	trainer										da vanilla, dataset TBC
engineering		Salt Shaker	19567		vanilla	trainer										da vanilla, dataset TBC
engineering		Silver Contact	3973		vanilla	trainer										da vanilla, dataset TBC
engineering		Silver-plated Shotgun	3949		vanilla	trainer										da vanilla, dataset TBC
engineering		Small Bronze Bomb	3941		vanilla	trainer										da vanilla, dataset TBC
engineering		Solid Blasting Powder	12585		vanilla	trainer										da vanilla, dataset TBC
engineering		Solid Dynamite	12586		vanilla	trainer										da vanilla, dataset TBC
engineering		Standard Scope	3978		vanilla	trainer										da vanilla, dataset TBC
engineering		Target Dummy	3932		vanilla	trainer										da vanilla, dataset TBC
engineering		The Big One	12754	221341	vanilla	trainer	Vazario Linkgrease | Nixx Sprocketspring	The Barrens | Tanaris						Goblin Engineering Trainer		da vanilla, dataset TBC
engineering		The Mortar: Reloaded	13240		vanilla	trainer	Nixx Sprocketspring | Vazario Linkgrease	Tanaris | The Barrens								da vanilla, dataset TBC
engineering		Tranquil Mechanical Yeti	26011		vanilla	quest		Winterspring								da vanilla, dataset TBC
engineering		Ultrasafe Transporter - Gadgetzan	23489		vanilla	trainer	Jhordy Lapforge	Tanaris								da vanilla, dataset TBC
engineering		Unstable Trigger	12591		vanilla	trainer										da vanilla, dataset TBC
engineering		Whirring Bronze Gizmo	3942		vanilla	trainer										da vanilla, dataset TBC
first_aid	130	Strong Anti-Venom	7935	6454	vanilla	drop	Captain Halyndor | Caverndeep Looter | Lake Thresher	Wetlands | Dun Morogh | Redridge Mountains								foreverchanges, letto da classic
first_aid	180	Heavy Silk Bandage	7929	16112	vanilla	vendor	Deneb Walker | Balai Lok'Wein	Arathi Highlands | Dustwallow Marsh			alliance | horde					foreverchanges, letto da classic
first_aid	210	Mageweave Bandage	10840	16113	vanilla	vendor	Deneb Walker | Balai Lok'Wein	Arathi Highlands | Dustwallow Marsh			alliance | horde					foreverchanges, letto da classic
first_aid	300	Dense Runecloth Bandage	470349	232434	sod											
first_aid	300	Powerful Anti-Venom	23787	19442	vanilla	vendor	Quartermaster Miranda Breechlock | Argent Quartermaster Hasana | Argent Quartermaster Lightspark	Eastern Plaguelands | Tirisfal Glades | Western Plaguelands								foreverchanges, letto da classic
first_aid		Anti-Venom	7934		vanilla											
first_aid		Crystal Infused Bandage	30021	23689	vanilla											
first_aid		First Aid Kit	1230117		sod											
first_aid		Heavy Linen Bandage	3276		vanilla											
first_aid		Heavy Mageweave Bandage	10841		vanilla											
first_aid		Heavy Runecloth Bandage	18630		vanilla											
first_aid		Heavy Wool Bandage	3278		vanilla											
first_aid		Linen Bandage	3275		vanilla											
first_aid		Runecloth Bandage	18629		vanilla											
first_aid		Silk Bandage	7928		vanilla											
first_aid		Wool Bandage	3277		vanilla											
fishing		Fish Bowl	1229745		sod											
herbalism		Incense Candle	1229705		sod											
leatherworking	30	Rugged Leather Pants	9064	7288	vanilla	worldDrop							true			da vanilla, dataset TBC
leatherworking	35	Kodo Hide Bag	5244	5083	vanilla	quest		Thunder Bluff			horde					da vanilla, dataset TBC
leatherworking	40	White Leather Jerkin	2163	2407	vanilla	worldDrop							true			da vanilla, dataset TBC
leatherworking	50	Fine Leather Gloves	2164	2408	vanilla	worldDrop							true			da vanilla, dataset TBC
leatherworking	65	Deviate Scale Cloak	7953	6474	vanilla	vendor	Kalldan Felmoon	The Barrens								da vanilla, dataset TBC
leatherworking	65	Fine Leather Boots	2158	2406	vanilla	worldDrop							true			da vanilla, dataset TBC
leatherworking	65	Moonglow Vest	8322	6710	vanilla	quest		Darnassus			alliance					da vanilla, dataset TBC
leatherworking	65	Murloc Scale Belt	6702	5786	vanilla	vendor	Gina MacGregor | Andrew Hilbert | Mavralyn	Westfall | Silverpine Forest | Darkshore			alliance | horde | alliance					da vanilla, dataset TBC
leatherworking	70	Murloc Scale Breastplate	6703	5787	vanilla	vendor	Gina MacGregor | Andrew Hilbert | Mavralyn	Westfall | Silverpine Forest | Darkshore			alliance | horde | alliance					da vanilla, dataset TBC
leatherworking	75	Black Whelp Cloak	9070	7289	vanilla	vendor	Clyde Ranthal	Redridge Mountains			alliance					da vanilla, dataset TBC
leatherworking	75	Black Whelp Tunic	24940	20576	vanilla	vendor	Amy Davenport	Redridge Mountains			alliance					da vanilla, dataset TBC
leatherworking	75	Dark Leather Tunic	2169	2409	vanilla	worldDrop							true			da vanilla, dataset TBC
leatherworking	75	Hillman's Leather Vest	3762	4293	vanilla	worldDrop							true			da vanilla, dataset TBC
leatherworking	80	Deviate Scale Gloves	7954	6475	vanilla	vendor	Kalldan Felmoon	The Barrens								da vanilla, dataset TBC
leatherworking	80	Fine Leather Pants	7133	5972	vanilla	worldDrop							true			da vanilla, dataset TBC
leatherworking	90	Deviate Scale Belt	7955	6476	vanilla	quest		The Barrens								da vanilla, dataset TBC
leatherworking	95	Dark Leather Gloves	3765	7360	vanilla	worldDrop							true			da vanilla, dataset TBC
leatherworking	95	Hillman's Belt	3767	4294	vanilla	worldDrop							true			da vanilla, dataset TBC
leatherworking	95	Red Whelp Gloves	9072	7290	vanilla	vendor	Wenna Silkbeard	Wetlands			alliance					da vanilla, dataset TBC
leatherworking	110	Earthen Leather Shoulders	9147	7362	vanilla	vendor	Zixil	Hillsbrad Foothills								da vanilla, dataset TBC
leatherworking	110	Herbalist's Gloves	9146	7361	vanilla	vendor	Harlown Darkweave	Ashenvale			alliance					da vanilla, dataset TBC
leatherworking	115	Dark Leather Shoulders	3769	4296	vanilla	worldDrop							true			da vanilla, dataset TBC
leatherworking	115	Pilferer's Gloves	9148	7363	vanilla	worldDrop							true			da vanilla, dataset TBC
leatherworking	120	Heavy Earthen Gloves	9149	7364	vanilla	worldDrop							true			da vanilla, dataset TBC
leatherworking	125	Barbaric Gloves	3771	4297	vanilla	worldDrop							true			da vanilla, dataset TBC
leatherworking	125	Guardian Cloak	7153	4295	vanilla	worldDrop							true			da vanilla, dataset TBC
leatherworking	125	Heavy Leather Ball	23190	18731	vanilla	vendor	Bombus Finespindle | Tamar	Ironforge | Orgrimmar			alliance | horde					da vanilla, dataset TBC
leatherworking	130	Barbaric Bracers	23399	18949	vanilla	vendor	Saenorion | Joseph Moore	Darnassus | Undercity			alliance | horde					da vanilla, dataset TBC
leatherworking	130	Green Leather Armor	3772	7613	vanilla	vendor	Wenna Silkbeard | George Candarte	Wetlands | Hillsbrad Foothills			alliance | horde					da vanilla, dataset TBC
leatherworking	140	Dusky Leather Leggings	9195	7449	vanilla	worldDrop							true			da vanilla, dataset TBC
leatherworking	140	Raptor Hide Belt	4097	13288	vanilla	vendor	Androd Fadran	Arathi Highlands			alliance					da vanilla, dataset TBC
leatherworking	140	Raptor Hide Harness	4096	13287	vanilla	vendor	Tunkk	Arathi Highlands			horde					da vanilla, dataset TBC
leatherworking	145	Barbaric Leggings	7149	5973	vanilla	vendor	Lardan | Hammon Karwn | Jandia | Keena	Ashenvale | Arathi Highlands | Thousand Needles | Arathi Highlands			alliance | alliance | horde | horde					da vanilla, dataset TBC
leatherworking	145	Guardian Belt	3775	4298	vanilla	worldDrop							true			da vanilla, dataset TBC
leatherworking	145	Thick Murloc Armor	6704	5788	vanilla	vendor	Micha Yance | Christoph Jeffcoat | Blixrez Goodstitch	Hillsbrad Foothills | Hillsbrad Foothills | Stranglethorn Vale			alliance | horde | 					da vanilla, dataset TBC
leatherworking	150	Green Whelp Armor	9197	7450	vanilla	worldDrop							true			da vanilla, dataset TBC
leatherworking	150	Guardian Armor	3773	4299	vanilla	worldDrop							true			da vanilla, dataset TBC
leatherworking	160	Gem-studded Leather Belt	3778	14635	vanilla	vendor	Rikqiz	Stranglethorn Vale								da vanilla, dataset TBC
leatherworking	165	Gloves of the Greatfather	21943	17722	vanilla	worldEvent										da vanilla, dataset TBC
leatherworking	165	Green Whelp Bracers	9202	7451	vanilla	vendor	Jangdor Swiftstrider | Pratt McGrubben | Joseph Moore | Saenorion	Feralas | Feralas | Undercity | Darnassus			horde | alliance | horde | alliance					da vanilla, dataset TBC
leatherworking	165	Murloc Scale Bracers	6705	5789	vanilla	vendor	Helenia Olden	Dustwallow Marsh			alliance					da vanilla, dataset TBC
leatherworking	170	Guardian Leather Bracers	3777	4300	vanilla	worldDrop							true			da vanilla, dataset TBC
leatherworking	175	Barbaric Belt	3779	4301	vanilla	worldDrop							true			da vanilla, dataset TBC
leatherworking	175	Comfortable Leather Hat	10490	8384	vanilla	worldDrop							true			da vanilla, dataset TBC
leatherworking	175	Dusky Boots	9207	7452	vanilla	worldDrop							true			da vanilla, dataset TBC
leatherworking	175	Shadowskin Gloves	22711	18239	vanilla	vendor	Rikqiz	Stranglethorn Vale								da vanilla, dataset TBC
leatherworking	175	Swift Boots	9208	7453	vanilla	worldDrop							true			da vanilla, dataset TBC
leatherworking	180	Turtle Scale Gloves	10509	8385	vanilla	vendor	Pratt McGrubben | Jangdor Swiftstrider	Feralas | Feralas			alliance | horde					da vanilla, dataset TBC
leatherworking	185	Nightscape Shoulders	10516	8409	vanilla	vendor	Jangdor Swiftstrider | Nioma	Feralas | The Hinterlands			horde | alliance					da vanilla, dataset TBC
leatherworking	190	Big Voodoo Robe	10520	8386	vanilla	worldDrop							true			da vanilla, dataset TBC
leatherworking	195	Big Voodoo Mask	10531	8387	vanilla	worldDrop							true			da vanilla, dataset TBC
leatherworking	195	Tough Scorpid Bracers	10533	8397	vanilla	drop		Tanaris								da vanilla, dataset TBC
leatherworking	195	Tough Scorpid Breastplate	10525	8395	vanilla	drop		Tanaris								da vanilla, dataset TBC
leatherworking	195	Wild Leather Shoulders	10529	8403	vanilla	quest		Feralas			alliance					da vanilla, dataset TBC
leatherworking	200	Faintly Glowing Leather	435819	215367	sod											
leatherworking	200	Tough Scorpid Gloves	10542	8398	vanilla	drop		Tanaris								da vanilla, dataset TBC
leatherworking	200	Wild Leather Helmet	10546	8405	vanilla	quest		Feralas			alliance					da vanilla, dataset TBC
leatherworking	200	Wild Leather Vest	10544	8404	vanilla	quest		Feralas			alliance					da vanilla, dataset TBC
leatherworking	205	Nightscape Cloak	10550	8388	vanilla											
leatherworking	205	Turtle Scale Gloves	439118	217271	sod											
leatherworking	210	Tough Scorpid Boots	10554	8399	vanilla	drop		Tanaris								da vanilla, dataset TBC
leatherworking	215	Big Voodoo Cloak	10562	8390	vanilla	worldDrop							true			da vanilla, dataset TBC
leatherworking	215	Big Voodoo Pants	10560	8389	vanilla	worldDrop							true			da vanilla, dataset TBC
leatherworking	215	Tough Scorpid Shoulders	10564	8400	vanilla	drop		Tanaris								da vanilla, dataset TBC
leatherworking	220	Tough Scorpid Leggings	10568	8401	vanilla	drop		Tanaris								da vanilla, dataset TBC
leatherworking	220	Wild Leather Boots	10566	8406	vanilla	quest		Feralas			alliance					da vanilla, dataset TBC
leatherworking	225	Tough Scorpid Helm	10570	8402	vanilla	drop		Tanaris								da vanilla, dataset TBC
leatherworking	225	Wild Leather Cloak	10574	8408	vanilla	quest		Feralas			alliance					da vanilla, dataset TBC
leatherworking	225	Wild Leather Leggings	10572	8407	vanilla	quest		Feralas			alliance					da vanilla, dataset TBC
leatherworking	235	Green Dragonscale Breastplate	19050	15726	vanilla	vendor	Masat T'andr	Swamp of Sorrows								da vanilla, dataset TBC
leatherworking	235	Wicked Leather Gauntlets	19049	15725	vanilla	vendor	Leonard Porter | Werg Thickblade	Western Plaguelands | Tirisfal Glades			alliance | horde					da vanilla, dataset TBC
leatherworking	240	Chimeric Gloves	19053	15729	vanilla	vendor	Blimo Gadgetspring	Azshara								da vanilla, dataset TBC
leatherworking	240	Heavy Scorpid Vest	19051	15727	vanilla	drop		Blasted Lands								da vanilla, dataset TBC
leatherworking	240	Wicked Leather Bracers	19052	15728	vanilla	trainer										da vanilla, dataset TBC
leatherworking	245	Green Dragonscale Leggings	19060	15733	vanilla	drop		The Temple of Atal'Hakkar								da vanilla, dataset TBC
leatherworking	245	Ironfeather Shoulders	19062	15735	vanilla	vendor	Gigget Zipcoil	The Hinterlands								da vanilla, dataset TBC
leatherworking	245	Living Shoulders	19061	15734	vanilla	vendor	Pratt McGrubben | Jangdor Swiftstrider	Feralas | Feralas			alliance | horde					da vanilla, dataset TBC
leatherworking	245	Runic Leather Gauntlets	19055	15731	vanilla	trainer										da vanilla, dataset TBC
leatherworking	245	Volcanic Leggings	19059	15732	vanilla	drop		Burning Steppes								da vanilla, dataset TBC
leatherworking	245	Wildthorn Mail	16650	12691	vanilla	worldDrop							true			da vanilla, dataset TBC
leatherworking	250	Chimeric Boots	19063	15737	vanilla	worldDrop							true			da vanilla, dataset TBC
leatherworking	250	Frostsaber Boots	19066	15740	vanilla	vendor	Qia	Winterspring								da vanilla, dataset TBC
leatherworking	250	Heavy Scorpid Gauntlets	19064	15738	vanilla	drop		Burning Steppes								da vanilla, dataset TBC
leatherworking	250	Runic Leather Bracers	19065	15739	vanilla	trainer										da vanilla, dataset TBC
leatherworking	250	Stormshroud Pants	19067	15741	vanilla	vendor	Leonard Porter | Werg Thickblade	Western Plaguelands | Tirisfal Glades			alliance | horde					da vanilla, dataset TBC
leatherworking	250	Warbear Harness	19068	15742	vanilla	vendor	Meilosh	Felwood			horde					da vanilla, dataset TBC
leatherworking	255	Chimeric Leggings	19073	15746	vanilla	worldDrop							true			da vanilla, dataset TBC
leatherworking	255	Heavy Scorpid Belt	19070	15743	vanilla	worldDrop							true			da vanilla, dataset TBC
leatherworking	255	Heavy Scorpid Bracers	19048	15724	vanilla	vendor	Zannok Hidepiercer	Silithus								da vanilla, dataset TBC
leatherworking	255	Runic Leather Belt	19072	15745	vanilla	trainer										da vanilla, dataset TBC
leatherworking	255	Wicked Leather Headband	19071	15744	vanilla	trainer										da vanilla, dataset TBC
leatherworking	260	Blue Dragonscale Breastplate	19077	15751	vanilla	vendor	Blimo Gadgetspring	Azshara								da vanilla, dataset TBC
leatherworking	260	Frostsaber Leggings	19074	15747	vanilla	drop		Winterspring								da vanilla, dataset TBC
leatherworking	260	Heavy Scorpid Leggings	19075	15748	vanilla	drop		Burning Steppes								da vanilla, dataset TBC
leatherworking	260	Living Leggings	19078	15752	vanilla	drop		Felwood								da vanilla, dataset TBC
leatherworking	260	Stormshroud Armor	19079	15753	vanilla	drop		Azshara								da vanilla, dataset TBC
leatherworking	260	Volcanic Breastplate	19076	15749	vanilla	drop		Blackrock Spire								da vanilla, dataset TBC
leatherworking	260	Warbear Woolies	19080	20254	vanilla	vendor	Meilosh	Felwood			horde					da vanilla, dataset TBC
leatherworking	265	Black Dragonscale Breastplate	19085	15759	vanilla	vendor	Plugger Spazzring	Blackrock Depths								da vanilla, dataset TBC
leatherworking	265	Chimeric Vest	19081	15755	vanilla	worldDrop							true			da vanilla, dataset TBC
leatherworking	265	Dawn Treaders	23705	19328	vanilla	vendor	Argent Quartermaster Hasana | Quartermaster Miranda Breechlock | Argent Quartermaster Lightspark	Tirisfal Glades | Eastern Plaguelands | Western Plaguelands								da vanilla, dataset TBC
leatherworking	265	Devilsaur Gauntlets	19084	15758	vanilla	vendor	Nergal	Un'Goro Crater								da vanilla, dataset TBC
leatherworking	265	Heavy Timbermaw Belt	23628	19202	vanilla	vendor	Meilosh	Felwood			horde					da vanilla, dataset TBC
leatherworking	265	Ironfeather Breastplate	19086	15760	vanilla	drop		The Hinterlands								da vanilla, dataset TBC
leatherworking	265	Might of the Timbermaw	23703	19326	vanilla	vendor	Meilosh	Felwood			horde					da vanilla, dataset TBC
leatherworking	265	Runic Leather Headband	19082	15756	vanilla	trainer										da vanilla, dataset TBC
leatherworking	265	Wicked Leather Pants	19083	15757	vanilla	trainer										da vanilla, dataset TBC
leatherworking	270	Black Dragonscale Shoulders	19094	15770	vanilla	drop		Blackrock Depths								da vanilla, dataset TBC
leatherworking	270	Blue Dragonscale Shoulders	19089	15763	vanilla	drop		Azshara								da vanilla, dataset TBC
leatherworking	270	Frostsaber Gloves	19087	15761	vanilla	drop		Felwood								da vanilla, dataset TBC
leatherworking	270	Heavy Scorpid Helm	19088	15762	vanilla	vendor	Zannok Hidepiercer	Silithus								da vanilla, dataset TBC
leatherworking	270	Storm Gauntlets	16661	12703	vanilla	vendor	Magnus Frostwake	Western Plaguelands								da vanilla, dataset TBC
leatherworking	270	Stormshroud Shoulders	19090	15764	vanilla	drop		Azshara								da vanilla, dataset TBC
leatherworking	275	Runic Leather Pants	19091	15765	vanilla	trainer										da vanilla, dataset TBC
leatherworking	275	Wicked Leather Belt	19092	15768	vanilla	trainer										da vanilla, dataset TBC
leatherworking	280	Heavy Scorpid Shoulders	19100	15774	vanilla	drop		Burning Steppes								da vanilla, dataset TBC
leatherworking	280	Volcanic Shoulders	19101	15775	vanilla	drop		Blackrock Spire								da vanilla, dataset TBC
leatherworking	280	Wicked Leather Armor	19098	15773	vanilla	trainer										da vanilla, dataset TBC
leatherworking	285	Runic Leather Armor	19102	15776	vanilla	trainer										da vanilla, dataset TBC
leatherworking	285	Runic Leather Shoulders	19103	15777	vanilla	trainer										da vanilla, dataset TBC
leatherworking	285	Winter Boots	44953	34262	vanilla	vendor	Penney Copperpinch | Wulmort Jinglepocket	Orgrimmar | Ironforge								da vanilla, dataset TBC
leatherworking	290	Black Dragonscale Leggings	19107	15781	vanilla	drop		Blackrock Depths								da vanilla, dataset TBC
leatherworking	290	Devilsaur Leggings	19097	15772	vanilla	drop		Un'Goro Crater								da vanilla, dataset TBC
leatherworking	290	Frostsaber Tunic	19104	15779	vanilla	drop		Winterspring								da vanilla, dataset TBC
leatherworking	290	Girdle of Insight	22921	18514	vanilla	container		Dire Maul								da vanilla, dataset TBC
leatherworking	290	Helm of the Great Chief	16728	12716	vanilla	worldDrop							true			da vanilla, dataset TBC
leatherworking	290	Living Breastplate	19095	15771	vanilla	drop		Western Plaguelands								da vanilla, dataset TBC
leatherworking	290	Mongoose Boots	22922	18515	vanilla	container		Dire Maul								da vanilla, dataset TBC
leatherworking	290	Red Dragonscale Breastplate	19054	15730	vanilla	drop	General Drakkisath	Blackrock Spire							62-62	da vanilla, dataset TBC
leatherworking	290	Stormshroud Gloves	26279	21548	vanilla	drop		Silithus | Winterspring				true				da vanilla, dataset TBC
leatherworking	290	Swift Flight Bracers	22923	18516	vanilla	container		Dire Maul								da vanilla, dataset TBC
leatherworking	295	Corehound Boots	20853	17022	vanilla	vendor	Lokhtos Darkbargainer	Blackrock Depths								da vanilla, dataset TBC
leatherworking	295	Golden Mantle of the Dawn	23706	19329	vanilla	vendor	Argent Quartermaster Hasana | Quartermaster Miranda Breechlock | Argent Quartermaster Lightspark	Tirisfal Glades | Eastern Plaguelands | Western Plaguelands								da vanilla, dataset TBC
leatherworking	295	Heavy Timbermaw Boots	23629	19204	vanilla	vendor	Meilosh	Felwood			horde					da vanilla, dataset TBC
leatherworking	295	Invulnerable Mail	16746	12728	vanilla	worldDrop							true			da vanilla, dataset TBC
leatherworking	295	Timbermaw Brawlers	23704	19327	vanilla	vendor	Meilosh	Felwood			horde					da vanilla, dataset TBC
leatherworking	300	Black Dragonscale Boots	20855	17025	vanilla	vendor	Lokhtos Darkbargainer	Blackrock Depths								da vanilla, dataset TBC
leatherworking	300	Blood Tiger Breastplate	24124	19772	vanilla	vendor	Rin'wosho the Trader	Stranglethorn Vale								da vanilla, dataset TBC
leatherworking	300	Blood Tiger Shoulders	24125	19773	vanilla	vendor	Rin'wosho the Trader	Stranglethorn Vale								da vanilla, dataset TBC
leatherworking	300	Chromatic Cloak	22926	18517	vanilla	container		Dire Maul								da vanilla, dataset TBC
leatherworking	300	Chromatic Gauntlets	23708	19331	vanilla	vendor	Lokhtos Darkbargainer	Blackrock Depths								da vanilla, dataset TBC
leatherworking	300	Core Armor Kit	22727	18252	vanilla	drop		Molten Core								da vanilla, dataset TBC
leatherworking	300	Corehound Belt	23709	19332	vanilla	vendor	Lokhtos Darkbargainer	Blackrock Depths								da vanilla, dataset TBC
leatherworking	300	Hide of the Wild	22927	18518	vanilla	container		Dire Maul								da vanilla, dataset TBC
leatherworking	300	Lava Belt	23707	19330	vanilla	vendor	Lokhtos Darkbargainer	Blackrock Depths								da vanilla, dataset TBC
leatherworking	300	Molten Belt	23710	19333	vanilla	vendor	Lokhtos Darkbargainer	Blackrock Depths								da vanilla, dataset TBC
leatherworking	300	Molten Helm	20854	17023	vanilla	vendor	Lokhtos Darkbargainer	Blackrock Depths								da vanilla, dataset TBC
leatherworking	300	Primal Batskin Bracers	24123	19771	vanilla	vendor	Rin'wosho the Trader	Stranglethorn Vale								da vanilla, dataset TBC
leatherworking	300	Primal Batskin Gloves	24122	19770	vanilla	vendor	Rin'wosho the Trader	Stranglethorn Vale								da vanilla, dataset TBC
leatherworking	300	Primal Batskin Jerkin	24121	19769	vanilla	vendor	Rin'wosho the Trader	Stranglethorn Vale								da vanilla, dataset TBC
leatherworking	300	Shifting Cloak	22928	18519	vanilla	container		Dire Maul								da vanilla, dataset TBC
leatherworking		Barbaric Harness	6661		vanilla	trainer										da vanilla, dataset TBC
leatherworking		Barbaric Shoulders	7151		vanilla	trainer										da vanilla, dataset TBC
leatherworking		Blue Dragonscale Leggings	24654		vanilla	trainer	Peter Galen | Thorkaf Dragoneye	Azshara | Badlands			alliance | horde			Dragonscale Leatherworking Trainer		da vanilla, dataset TBC
leatherworking		Bramblewood Belt	28474	22769	vanilla	vendor	Aendel Windspear	Silithus								da vanilla, dataset TBC
leatherworking		Bramblewood Boots	28473	22770	vanilla	vendor	Aendel Windspear	Silithus								da vanilla, dataset TBC
leatherworking		Bramblewood Helm	28472	22771	vanilla	vendor	Aendel Windspear	Silithus								da vanilla, dataset TBC
leatherworking		Camp Tent	1229432		sod											
leatherworking		Cured Heavy Hide	3818		vanilla	trainer										da vanilla, dataset TBC
leatherworking		Cured Light Hide	3816		vanilla	trainer										da vanilla, dataset TBC
leatherworking		Cured Medium Hide	3817		vanilla	trainer										da vanilla, dataset TBC
leatherworking		Cured Rugged Hide	19047		vanilla	trainer										da vanilla, dataset TBC
leatherworking		Cured Thick Hide	10482		vanilla	trainer										da vanilla, dataset TBC
leatherworking		Dark Leather Belt	3766		vanilla	trainer										da vanilla, dataset TBC
leatherworking		Dark Leather Boots	2167		vanilla	trainer										da vanilla, dataset TBC
leatherworking		Dark Leather Cloak	2168		vanilla	trainer										da vanilla, dataset TBC
leatherworking		Dark Leather Pants	7135		vanilla	trainer										da vanilla, dataset TBC
leatherworking		Dragonscale Breastplate	10650		vanilla	trainer	Peter Galen | Thorkaf Dragoneye	Azshara | Badlands			alliance | horde					da vanilla, dataset TBC
leatherworking		Dragonscale Gauntlets	10619		vanilla	trainer	Peter Galen | Thorkaf Dragoneye	Azshara | Badlands			alliance | horde					da vanilla, dataset TBC
leatherworking		Dreamscale Breastplate	24703	20382	vanilla	vendor	Aendel Windspear	Silithus								da vanilla, dataset TBC
leatherworking		Dusky Belt	9206		vanilla	trainer										da vanilla, dataset TBC
leatherworking		Dusky Bracers	9201		vanilla	trainer										da vanilla, dataset TBC
leatherworking		Dusky Leather Armor	9196		vanilla	trainer										da vanilla, dataset TBC
leatherworking		Embossed Leather Boots	2161		vanilla	trainer										da vanilla, dataset TBC
leatherworking		Embossed Leather Cloak	2162		vanilla	trainer										da vanilla, dataset TBC
leatherworking		Embossed Leather Gloves	3756		vanilla	trainer										da vanilla, dataset TBC
leatherworking		Embossed Leather Pants	3759		vanilla	trainer										da vanilla, dataset TBC
leatherworking		Embossed Leather Vest	2160		vanilla	trainer										da vanilla, dataset TBC
leatherworking		Feathered Breastplate	10647		vanilla	trainer	Caryssia Moonhunter | Se'Jib	Feralas | Stranglethorn Vale			alliance | horde					da vanilla, dataset TBC
leatherworking		Fine Leather Belt	3763		vanilla	trainer										da vanilla, dataset TBC
leatherworking		Fine Leather Cloak	2159		vanilla	trainer										da vanilla, dataset TBC
leatherworking		Fine Leather Tunic	3761		vanilla	trainer										da vanilla, dataset TBC
leatherworking		Fletcher's Gloves	9145		vanilla	trainer										da vanilla, dataset TBC
leatherworking		Frost Leather Cloak	9198		vanilla	trainer										da vanilla, dataset TBC
leatherworking		Gauntlets of the Sea	10630		vanilla	trainer	Brumn Winterhoof | Sarah Tanner	Arathi Highlands | Searing Gorge			horde | alliance					da vanilla, dataset TBC
leatherworking		Gordok Ogre Suit	22815		vanilla	quest		Dire Maul								da vanilla, dataset TBC
leatherworking		Green Dragonscale Gauntlets	24655		vanilla	trainer	Peter Galen | Thorkaf Dragoneye	Azshara | Badlands			alliance | horde			Dragonscale Leatherworking Trainer		da vanilla, dataset TBC
leatherworking		Green Leather Belt	3774		vanilla	trainer										da vanilla, dataset TBC
leatherworking		Green Leather Bracers	3776		vanilla	trainer										da vanilla, dataset TBC
leatherworking		Guardian Gloves	7156		vanilla	trainer										da vanilla, dataset TBC
leatherworking		Guardian Pants	7147		vanilla	trainer										da vanilla, dataset TBC
leatherworking		Handstitched Leather Belt	3753		vanilla	trainer										da vanilla, dataset TBC
leatherworking		Handstitched Leather Boots	2149		vanilla	trainer										da vanilla, dataset TBC
leatherworking		Handstitched Leather Bracers	9059		vanilla	trainer										da vanilla, dataset TBC
leatherworking		Handstitched Leather Cloak	9058		vanilla	trainer										da vanilla, dataset TBC
leatherworking		Handstitched Leather Pants	2153		vanilla	trainer										da vanilla, dataset TBC
leatherworking		Handstitched Leather Vest	7126		vanilla	trainer										da vanilla, dataset TBC
leatherworking		Heavy Armor Kit	3780		vanilla	trainer										da vanilla, dataset TBC
leatherworking		Heavy Leather	20649		vanilla	trainer										da vanilla, dataset TBC
leatherworking		Heavy Leather Ammo Pouch	9194		vanilla	trainer										da vanilla, dataset TBC
leatherworking		Heavy Quiver	9193		vanilla	trainer										da vanilla, dataset TBC
leatherworking		Helm of Fire	10632		vanilla	trainer	Brumn Winterhoof | Sarah Tanner	Arathi Highlands | Searing Gorge			horde | alliance					da vanilla, dataset TBC
leatherworking		Hillman's Cloak	3760		vanilla	trainer										da vanilla, dataset TBC
leatherworking		Hillman's Leather Gloves	3764		vanilla	trainer										da vanilla, dataset TBC
leatherworking		Hillman's Shoulders	3768		vanilla	trainer										da vanilla, dataset TBC
leatherworking		Icy Scale Bracers	28224	22698	vanilla	vendor	Master Craftsman Omarion	Naxxramas								da vanilla, dataset TBC
leatherworking		Icy Scale Breastplate	28222	22696	vanilla	vendor	Master Craftsman Omarion	Naxxramas								da vanilla, dataset TBC
leatherworking		Icy Scale Gauntlets	28223	22697	vanilla	vendor	Master Craftsman Omarion	Naxxramas								da vanilla, dataset TBC
leatherworking		Light Armor Kit	2152		vanilla	trainer										da vanilla, dataset TBC
leatherworking		Light Leather	2881		vanilla	trainer										da vanilla, dataset TBC
leatherworking		Light Leather Bracers	9065		vanilla	trainer										da vanilla, dataset TBC
leatherworking		Light Leather Pants	9068		vanilla	trainer										da vanilla, dataset TBC
leatherworking		Light Leather Quiver	9060		vanilla	trainer										da vanilla, dataset TBC
leatherworking		Medium Armor Kit	2165		vanilla	trainer										da vanilla, dataset TBC
leatherworking		Medium Leather	20648		vanilla	trainer										da vanilla, dataset TBC
leatherworking		Nightscape Boots	10558		vanilla	trainer										da vanilla, dataset TBC
leatherworking		Nightscape Headband	10507		vanilla	trainer										da vanilla, dataset TBC
leatherworking		Nightscape Pants	10548		vanilla	trainer										da vanilla, dataset TBC
leatherworking		Nightscape Tunic	10499		vanilla	trainer										da vanilla, dataset TBC
leatherworking		Nimble Leather Gloves	9074		vanilla	trainer										da vanilla, dataset TBC
leatherworking		Onyxia Scale Breastplate	19106	15780	vanilla											
leatherworking		Onyxia Scale Cloak	19093	15769	vanilla	quest		Orgrimmar | Stormwind City			horde | alliance					da vanilla, dataset TBC
leatherworking		Polar Bracers	28221	22695	vanilla	vendor	Master Craftsman Omarion	Naxxramas								da vanilla, dataset TBC
leatherworking		Polar Gloves	28220	22694	vanilla	vendor	Master Craftsman Omarion	Naxxramas								da vanilla, dataset TBC
leatherworking		Polar Tunic	28219	22692	vanilla	vendor	Master Craftsman Omarion	Naxxramas								da vanilla, dataset TBC
leatherworking		Quickdraw Quiver	14930		vanilla	trainer										da vanilla, dataset TBC
leatherworking		Rugged Armor Kit	19058		vanilla	trainer										da vanilla, dataset TBC
leatherworking		Rugged Leather	22331		vanilla	trainer										da vanilla, dataset TBC
leatherworking		Sandstalker Bracers	24849	20509	vanilla	vendor	Aendel Windspear	Silithus								da vanilla, dataset TBC
leatherworking		Sandstalker Breastplate	24851	20511	vanilla	vendor	Aendel Windspear	Silithus								da vanilla, dataset TBC
leatherworking		Sandstalker Gauntlets	24850	20510	vanilla	vendor	Aendel Windspear	Silithus								da vanilla, dataset TBC
leatherworking		Small Leather Ammo Pouch	9062		vanilla	trainer										da vanilla, dataset TBC
leatherworking		Spitfire Bracers	24846	20506	vanilla	vendor	Aendel Windspear	Silithus								da vanilla, dataset TBC
leatherworking		Spitfire Breastplate	24848	20508	vanilla	vendor	Aendel Windspear	Silithus								da vanilla, dataset TBC
leatherworking		Spitfire Gauntlets	24847	20507	vanilla	vendor	Aendel Windspear	Silithus								da vanilla, dataset TBC
leatherworking		Thick Armor Kit	10487		vanilla	trainer										da vanilla, dataset TBC
leatherworking		Thick Leather	20650		vanilla	trainer										da vanilla, dataset TBC
leatherworking		Thick Leather Ammo Pouch	14932		vanilla	trainer										da vanilla, dataset TBC
leatherworking		Toughened Leather Armor	2166		vanilla	trainer										da vanilla, dataset TBC
leatherworking		Toughened Leather Gloves	3770		vanilla	trainer										da vanilla, dataset TBC
leatherworking		Turtle Scale Bracers	10518		vanilla	trainer										da vanilla, dataset TBC
leatherworking		Turtle Scale Breastplate	10511		vanilla	trainer										da vanilla, dataset TBC
leatherworking		Turtle Scale Helm	10552		vanilla	trainer										da vanilla, dataset TBC
leatherworking		Turtle Scale Leggings	10556		vanilla	trainer										da vanilla, dataset TBC
leatherworking		Wolfshead Helm	10621		vanilla	trainer	Caryssia Moonhunter | Se'Jib	Feralas | Stranglethorn Vale			alliance | horde					da vanilla, dataset TBC
mining		Lodestone	1230161		sod											
mining		Smelt Bronze	2659		vanilla	trainer										da vanilla, dataset TBC
mining		Smelt Copper	2657		vanilla	trainer										da vanilla, dataset TBC
mining		Smelt Dark Iron	14891		vanilla	quest		Blackrock Depths								da vanilla, dataset TBC
mining		Smelt Elementium	22967		vanilla	trainer	Master Elemental Shaper Krixix	Blackwing Lair								da vanilla, dataset TBC
mining		Smelt Gold	3308		vanilla	trainer										da vanilla, dataset TBC
mining		Smelt Iron	3307		vanilla	trainer										da vanilla, dataset TBC
mining		Smelt Mithril	10097		vanilla	trainer										da vanilla, dataset TBC
mining		Smelt Silver	2658		vanilla	trainer										da vanilla, dataset TBC
mining		Smelt Steel	3569		vanilla	trainer										da vanilla, dataset TBC
mining		Smelt Thorium	16153		vanilla	trainer										da vanilla, dataset TBC
mining		Smelt Tin	3304		vanilla	trainer										da vanilla, dataset TBC
mining		Smelt Truesilver	10098		vanilla	trainer										da vanilla, dataset TBC
skill:142		Bright Campfire	7359		vanilla											
skill:40	0	Deadly Poison V	25347	21302	vanilla											
skill:40		Atrophic Poison	439503	226394	sod											
skill:40		Blinding Powder	6510		vanilla											
skill:40		Crippling Poison	3420		vanilla											
skill:40		Crippling Poison II	3421		vanilla											
skill:40		Deadly Poison	2835		vanilla											
skill:40		Deadly Poison II	2837		vanilla											
skill:40		Deadly Poison III	11357		vanilla											
skill:40		Deadly Poison IV	11358		vanilla											
skill:40		Instant Poison	8681		vanilla											
skill:40		Instant Poison II	8687		vanilla											
skill:40		Instant Poison III	8691		vanilla											
skill:40		Instant Poison IV	11341		vanilla											
skill:40		Instant Poison V	11342		vanilla											
skill:40		Instant Poison VI	11343		vanilla											
skill:40		Mind-numbing Poison	5763		vanilla											
skill:40		Mind-numbing Poison II	8694		vanilla											
skill:40		Mind-numbing Poison III	11400		vanilla											
skill:40		Numbing Poison	439505	226395	sod											
skill:40		Occult Poison I	458822	226396	sod											
skill:40		Occult Poison II	1214168		sod											
skill:40		Sebacious Poison	439500	226397	sod											
skill:40		Wound Poison	13220		vanilla											
skill:40		Wound Poison II	13228		vanilla											
skill:40		Wound Poison III	13229		vanilla											
skill:40		Wound Poison IV	13230		vanilla											
skinning		Camp Chair	1229517		sod											
tailoring	25	Red Linen Robe	2389	2598	vanilla	worldDrop							true			da vanilla, dataset TBC
tailoring	35	Blue Linen Vest	7630	6270	vanilla	vendor	Tharynn Bouden | Borya | Valdaron | Wrahk	Elwynn Forest | The Drag, Orgrimmar | Darkshore | The Barrens	 | 63.2 |  | 	 | 51.2 |  | 	alliance | horde | alliance | horde					da vanilla, dataset TBC + catturato in gioco
tailoring	35	Red Linen Vest	7629	6271	vanilla	worldDrop							true			da vanilla, dataset TBC
tailoring	45	Blue Linen Robe	7633	6272	vanilla	vendor	Elynna | Ranik | Andrew Hilbert | Wrahk	Darnassus | The Barrens | Silverpine Forest | The Barrens			alliance |  | horde | horde					da vanilla, dataset TBC
tailoring	50	Red Linen Bag	6686	5771	vanilla	vendor	Rathis Tomber | Gina MacGregor | Mahu | Valdaron	Ghostlands | Westfall | Thunder Bluff | Darkshore	 |  | 43.8 | 	 |  | 44.9 | 	horde | alliance | horde | alliance					da vanilla, dataset TBC + catturato in gioco
tailoring	70	Colorful Kilt	12047	10316	vanilla	worldDrop							true			da vanilla, dataset TBC
tailoring	75	Blue Overalls	7639	6274	vanilla	vendor	Gina MacGregor | Alexandra Bolero | Mallen Swain | Borya	Westfall | Stormwind City | Hillsbrad Foothills | The Drag, Orgrimmar	 |  |  | 63.2	 |  |  | 51.2	alliance | alliance | horde | horde					da vanilla, dataset TBC + catturato in gioco
tailoring	75	Green Woolen Bag	3758	4292	vanilla	worldDrop							true			da vanilla, dataset TBC
tailoring	75	Red Woolen Boots	3847	4345	vanilla	worldDrop							true			da vanilla, dataset TBC
tailoring	80	Gray Woolen Robe	2403	2601	vanilla	worldDrop							true			da vanilla, dataset TBC
tailoring	80	Heavy Woolen Cloak	3844	4346	vanilla	worldDrop							true			da vanilla, dataset TBC
tailoring	90	Greater Adept's Robe	7643	6275	vanilla	vendor	Rann Flamespinner | Ranik | Jennabink Powerseam | Sheri Zipstitch	Loch Modan | The Barrens | Wetlands | Duskwood			alliance |  | alliance | alliance					da vanilla, dataset TBC
tailoring	90	Red Woolen Bag	6688	5772	vanilla	vendor	Amy Davenport | Jennabink Powerseam | Rann Flamespinner | Mahu | Borya	Redridge Mountains | Wetlands | Loch Modan | Thunder Bluff | The Drag, Orgrimmar	 |  |  | 43.8 | 63.2	 |  |  | 44.9 | 51.2	alliance | alliance | alliance | horde | horde					da vanilla, dataset TBC + catturato in gioco
tailoring	95	Reinforced Woolen Shoulders	3849	4347	vanilla	worldDrop							true			da vanilla, dataset TBC
tailoring	95	Stylish Blue Shirt	7892	6390	vanilla	worldDrop							true			da vanilla, dataset TBC
tailoring	95	Stylish Green Shirt	7893	6391	vanilla	worldDrop							true			da vanilla, dataset TBC
tailoring	100	Phoenix Gloves	3868	4348	vanilla	worldDrop							true			da vanilla, dataset TBC
tailoring	100	Phoenix Pants	3851	4349	vanilla	worldDrop							true			da vanilla, dataset TBC
tailoring	110	Bright Yellow Shirt	3869	14627	vanilla	vendor	Danielle Zipstitch	Duskwood			alliance					da vanilla, dataset TBC
tailoring	115	Spider Silk Slippers	3856	4350	vanilla	worldDrop							true			da vanilla, dataset TBC
tailoring	120	Azure Silk Gloves	3854	7114	vanilla	vendor	Wenna Silkbeard | Kireena	Wetlands | Desolace			alliance | horde					da vanilla, dataset TBC
tailoring	120	Dark Silk Shirt	3870	6401	vanilla	vendor	Mallen Swain | Sheri Zipstitch	Hillsbrad Foothills | Duskwood			horde | alliance					da vanilla, dataset TBC
tailoring	120	Hands of Darkness	8780	7092	vanilla	worldDrop							true			da vanilla, dataset TBC
tailoring	125	Phoenix Bindings	428424	211247	sod											
tailoring	125	Robes of Arcana	6692	5773	vanilla	drop		Thousand Needles | Duskwood | Darkshore								da vanilla, dataset TBC
tailoring	125	Truefaith Gloves	8782	7091	vanilla	worldDrop							true			da vanilla, dataset TBC
tailoring	130	Enchanter's Cowl	3857	14630	vanilla	vendor	Xizk Goodstitch	Stranglethorn Vale								da vanilla, dataset TBC
tailoring	130	Green Silk Armor	8784	7090	vanilla	worldDrop							true			da vanilla, dataset TBC
tailoring	135	Shadow Hood	3858	4351	vanilla	worldDrop							true			da vanilla, dataset TBC
tailoring	140	Azure Silk Cloak	8786	7089	vanilla	vendor	Jun'ha | Brienna Starglow	Arathi Highlands | Feralas			horde | alliance					da vanilla, dataset TBC
tailoring	140	Boots of the Enchanter	3860	4352	vanilla	worldDrop							true			da vanilla, dataset TBC
tailoring	140	Green Silk Pack	6693	5774	vanilla	worldDrop							true			da vanilla, dataset TBC
tailoring	140	Tuxedo Jacket	12093	10326	vanilla	vendor	Millie Gregorian | Outfitter Eric	Undercity | Ironforge			horde | alliance					da vanilla, dataset TBC
tailoring	140	Tuxedo Pants	12089	10323	vanilla	vendor	Millie Gregorian | Outfitter Eric	Undercity | Ironforge			horde | alliance					da vanilla, dataset TBC
tailoring	140	White Wedding Dress	12091	10325	vanilla	vendor	Alexandra Bolero | Mahu	Stormwind City | Thunder Bluff	 | 43.8	 | 44.9	alliance | horde					da vanilla, dataset TBC + catturato in gioco
tailoring	145	Crimson Silk Cloak	8789	7087	vanilla	vendor	Xizk Goodstitch	Stranglethorn Vale								da vanilla, dataset TBC
tailoring	145	Spider Belt	3863	4353	vanilla	worldDrop							true			da vanilla, dataset TBC
tailoring	150	Black Silk Pack	6695	5775	vanilla	drop		Dustwallow Marsh | Hillsbrad Foothills | Alterac Mountains								da vanilla, dataset TBC
tailoring	150	Invoker's Cord	435841	215369	sod											
tailoring	150	Invoker's Mantle	435848	215370	sod											
tailoring	150	Rich Purple Silk Shirt	3872	4354	vanilla	worldDrop							true			da vanilla, dataset TBC
tailoring	155	Azure Shoulders	8795	7085	vanilla	worldDrop							true			da vanilla, dataset TBC
tailoring	155	Crimson Silk Shoulders	8793	7084	vanilla	worldDrop							true			da vanilla, dataset TBC
tailoring	155	Green Holiday Shirt	21945	17724	vanilla	worldEvent										da vanilla, dataset TBC
tailoring	160	Earthen Silk Belt	8797	7086	vanilla	worldDrop							true			da vanilla, dataset TBC
tailoring	165	Black Swashbuckler's Shirt	3873	10728	vanilla	vendor	Narkk	Stranglethorn Vale								da vanilla, dataset TBC
tailoring	165	Icy Cloak	3862	4355	vanilla	vendor	Micha Yance | Ghok'kah	Hillsbrad Foothills | Dustwallow Marsh			alliance | horde					da vanilla, dataset TBC
tailoring	165	Star Belt	3864	4356	vanilla	worldDrop							true			da vanilla, dataset TBC
tailoring	170	Crimson Silk Robe	8802	7088	vanilla	vendor	Vizzklick	Tanaris								da vanilla, dataset TBC
tailoring	180	Red Mageweave Pants	12060	10302	vanilla	worldDrop							true			da vanilla, dataset TBC
tailoring	180	Red Mageweave Vest	12056	10300	vanilla	worldDrop							true			da vanilla, dataset TBC
tailoring	180	White Bandit Mask	12059	10301	vanilla	worldDrop							true			da vanilla, dataset TBC
tailoring	185	Orange Martial Shirt	12064	10311	vanilla	vendor	Mahu | Elynna	Thunder Bluff | Darnassus	43.8 | 	44.9 | 	horde | alliance					da vanilla, dataset TBC + catturato in gioco
tailoring	190	Enchanted Mageweave Pouch	27658	22307	vanilla	vendor	Kania | Thaddeus Webb | Erilia | Lilly | Kithas | Nata Dawnstrider	Silithus | Undercity | Eversong Woods | Silverpine Forest | The Drag, Orgrimmar | Thunder Bluff	 |  |  |  | 53.8 | 44.8	 |  |  |  | 38.1 | 38.8	 | horde | horde | horde | horde | horde					da vanilla, dataset TBC + catturato in gioco
tailoring	190	Lavender Mageweave Shirt	12075	10314	vanilla	vendor	Borya | Outfitter Eric	The Drag, Orgrimmar | Ironforge	63.2 | 	51.2 | 	horde | alliance					da vanilla, dataset TBC + catturato in gioco
tailoring	190	Red Mageweave Gloves	12066	10312	vanilla	worldDrop							true			da vanilla, dataset TBC
tailoring	195	Pink Mageweave Shirt	12080	10317	vanilla	vendor	Borya | Outfitter Eric	The Drag, Orgrimmar | Ironforge	63.2 | 	51.2 | 	horde | alliance					da vanilla, dataset TBC + catturato in gioco
tailoring	195	Red Mageweave Shoulders	12078	10315	vanilla	worldDrop							true			da vanilla, dataset TBC
tailoring	200	Admiral's Hat	12081	10318	vanilla	vendor	Cowardly Crosby	Stranglethorn Vale								da vanilla, dataset TBC
tailoring	200	Hyperconductive Arcano-Filament	435827	215368	sod											
tailoring	200	Red Mageweave Headband	12084	10320	vanilla	worldDrop							true			da vanilla, dataset TBC
tailoring	200	Shadoweave Mask	12086	10463	vanilla	quest		Searing Gorge								da vanilla, dataset TBC
tailoring	200	Tuxedo Shirt	12085	10321	vanilla	vendor	Millie Gregorian | Outfitter Eric	Undercity | Ironforge			horde | alliance					da vanilla, dataset TBC
tailoring	205	Festival Dress	26403	21722	vanilla	vendor	Fariel Starsong	Moonglade								da vanilla, dataset TBC
tailoring	205	Festival Suit	26407	21723	vanilla	vendor	Fariel Starsong	Moonglade								da vanilla, dataset TBC
tailoring	210	Frostweave Robe	18404	14467	vanilla	worldDrop							true			da vanilla, dataset TBC
tailoring	210	Frostweave Tunic	18403	14466	vanilla	trainer										da vanilla, dataset TBC
tailoring	215	Cindercloth Vest	18408	14471	vanilla	drop		Searing Gorge								da vanilla, dataset TBC
tailoring	215	Frostweave Gloves	18411	14474	vanilla	trainer										da vanilla, dataset TBC
tailoring	215	Runecloth Bag	18405	14468	vanilla	vendor	Qia	Winterspring								da vanilla, dataset TBC
tailoring	215	Runecloth Robe	18406	14469	vanilla	vendor	Darnall	Moonglade								da vanilla, dataset TBC
tailoring	215	Runecloth Tunic	18407	14470	vanilla	trainer										da vanilla, dataset TBC
tailoring	215	Soul Pouch	26085	21358	vanilla	vendor	Vizzklick	Tanaris								da vanilla, dataset TBC
tailoring	220	Ghostweave Belt	18410	14473	vanilla	trainer										da vanilla, dataset TBC
tailoring	220	Runecloth Cloak	18409	14472	vanilla	vendor	Darnall	Moonglade								da vanilla, dataset TBC
tailoring	225	Brightcloth Gloves	18415	14479	vanilla	trainer										da vanilla, dataset TBC
tailoring	225	Brightcloth Robe	18414	14478	vanilla	trainer										da vanilla, dataset TBC
tailoring	225	Cindercloth Gloves	18412	14476	vanilla	drop		Searing Gorge								da vanilla, dataset TBC
tailoring	225	Ghostweave Gloves	18413	14477	vanilla	trainer										da vanilla, dataset TBC
tailoring	225	Ghostweave Vest	18416	14480	vanilla	trainer										da vanilla, dataset TBC
tailoring	230	Brightcloth Cloak	18420	14484	vanilla	trainer										da vanilla, dataset TBC
tailoring	230	Cenarion Herb Bag	27724	22310	vanilla	vendor	Mishta	Silithus								da vanilla, dataset TBC
tailoring	230	Cindercloth Cloak	18418	14482	vanilla	drop		Burning Steppes								da vanilla, dataset TBC
tailoring	230	Enchanted Runecloth Bag	27659	22308	vanilla	vendor	Kania	Silithus								da vanilla, dataset TBC
tailoring	230	Felcloth Pants	18419	14483	vanilla	vendor	Lorelae Wintersong	Moonglade								da vanilla, dataset TBC
tailoring	230	Mooncloth	18560	14526	vanilla	vendor	Qia	Winterspring								da vanilla, dataset TBC
tailoring	230	Runecloth Gloves	18417	14481	vanilla	trainer										da vanilla, dataset TBC
tailoring	230	Wizardweave Leggings	18421	14485	vanilla	trainer										da vanilla, dataset TBC
tailoring	235	Cindercloth Pants	18434	14490	vanilla	drop		Burning Steppes								da vanilla, dataset TBC
tailoring	235	Cloak of Fire	18422	14486	vanilla	drop	Overmaster Pyron	Searing Gorge							51-51	da vanilla, dataset TBC
tailoring	235	Frostweave Pants	18424	14489	vanilla	trainer										da vanilla, dataset TBC
tailoring	235	Runecloth Boots	18423	14488	vanilla	trainer										da vanilla, dataset TBC
tailoring	240	Felcloth Boots	18437	14492	vanilla	trainer										da vanilla, dataset TBC
tailoring	240	Runecloth Pants	18438	14491	vanilla	trainer										da vanilla, dataset TBC
tailoring	245	Brightcloth Pants	18439	14494	vanilla	worldDrop							true			da vanilla, dataset TBC
tailoring	245	Felcloth Hood	18442	14496	vanilla	trainer										da vanilla, dataset TBC
tailoring	245	Ghostweave Pants	18441	14495	vanilla	trainer										da vanilla, dataset TBC
tailoring	245	Mooncloth Leggings	18440	14497	vanilla	worldDrop							true			da vanilla, dataset TBC
tailoring	245	Robe of Winter Night	18436	14493	vanilla	drop		Winterspring								da vanilla, dataset TBC
tailoring	250	Crusader's Knapsack	1227723	239149	sod											
tailoring	250	Green Winter Clothes	44950	34261	vanilla	vendor	Penney Copperpinch	Orgrimmar								da vanilla, dataset TBC
tailoring	250	Red Winter Clothes	44958	34319	vanilla	vendor	Wulmort Jinglepocket	Ironforge								da vanilla, dataset TBC
tailoring	250	Runecloth Headband	18444	14498	vanilla	trainer										da vanilla, dataset TBC
tailoring	255	Argent Boots	23664	19216	vanilla	vendor	Argent Quartermaster Hasana | Quartermaster Miranda Breechlock | Argent Quartermaster Lightspark	Tirisfal Glades | Eastern Plaguelands | Western Plaguelands								da vanilla, dataset TBC
tailoring	255	Big Bag of Enchantment	27660	22309	vanilla	drop	Magister Kalendris	Dire Maul							60-60	da vanilla, dataset TBC
tailoring	255	Mooncloth Bag	18445	14499	vanilla	worldDrop							true			da vanilla, dataset TBC
tailoring	255	Satchel of Cenarius	27725	22312	vanilla	vendor	Mishta	Silithus								da vanilla, dataset TBC
tailoring	255	Wisdom of the Timbermaw	23662	19215	vanilla	vendor	Meilosh	Felwood			horde					da vanilla, dataset TBC
tailoring	255	Wizardweave Robe	18446	14500	vanilla	trainer										da vanilla, dataset TBC
tailoring	260	Felcloth Robe	18451	14506	vanilla	trainer										da vanilla, dataset TBC
tailoring	260	Runecloth Shoulders	18449	14504	vanilla	trainer										da vanilla, dataset TBC
tailoring	260	Wizardweave Turban	18450	14505	vanilla	trainer										da vanilla, dataset TBC
tailoring	265	Felcloth Shoulders	18453	14508	vanilla	trainer										da vanilla, dataset TBC
tailoring	270	Mooncloth Vest	18447	14501	vanilla	worldDrop							true			da vanilla, dataset TBC
tailoring	275	Mooncloth Robe	22902	18487	vanilla	vendor	Shen'dralar Provisioner	Dire Maul								da vanilla, dataset TBC
tailoring	275	Mooncloth Shoulders	18448	14507	vanilla	worldDrop							true			da vanilla, dataset TBC
tailoring	280	Cloak of Warding	22870	18418	vanilla	container		Dire Maul								da vanilla, dataset TBC
tailoring	280	Felcloth Gloves	22867	18415	vanilla	container		Dire Maul								da vanilla, dataset TBC
tailoring	280	Inferno Gloves	22868	18416	vanilla	container		Dire Maul								da vanilla, dataset TBC
tailoring	280	Mooncloth Circlet	18452	14509	vanilla	worldDrop							true			da vanilla, dataset TBC
tailoring	280	Mooncloth Gloves	22869	18417	vanilla	container		Dire Maul								da vanilla, dataset TBC
tailoring	285	Runed Stygian Belt	24902	20548	vanilla	quest		Silithus								da vanilla, dataset TBC
tailoring	285	Runed Stygian Boots	24903	20547	vanilla	quest		Silithus								da vanilla, dataset TBC
tailoring	285	Runed Stygian Leggings	24901	20546	vanilla	quest		Silithus								da vanilla, dataset TBC
tailoring	290	Argent Shoulders	23665	19217	vanilla	vendor	Argent Quartermaster Hasana | Quartermaster Miranda Breechlock | Argent Quartermaster Lightspark	Tirisfal Glades | Eastern Plaguelands | Western Plaguelands								da vanilla, dataset TBC
tailoring	290	Crimson Dawnwoven Bag	1227724	239150	sod											
tailoring	290	Mantle of the Timbermaw	23663	19218	vanilla	vendor	Meilosh	Felwood			horde					da vanilla, dataset TBC
tailoring	295	Belt of the Archmage	22866	18414	vanilla	container		Dire Maul								da vanilla, dataset TBC
tailoring	295	Gloves of Spell Mastery	18454	14511	vanilla	worldDrop							true			da vanilla, dataset TBC
tailoring	295	Robe of the Archmage	18457	14513	vanilla	drop		Blackrock Spire								da vanilla, dataset TBC
tailoring	295	Robe of the Void	18458	14514	vanilla	drop	Darkmaster Gandling	Scholomance							61-61	da vanilla, dataset TBC
tailoring	295	Truefaith Vestments	18456	14512	vanilla	drop	Balnazzar	Stratholme							62-62	da vanilla, dataset TBC
tailoring	300	Bloodvine Boots	24093	19766	vanilla	vendor	Rin'wosho the Trader	Stranglethorn Vale								da vanilla, dataset TBC
tailoring	300	Bloodvine Leggings	24092	19765	vanilla	vendor	Rin'wosho the Trader	Stranglethorn Vale								da vanilla, dataset TBC
tailoring	300	Bloodvine Vest	24091	19764	vanilla	vendor	Rin'wosho the Trader	Stranglethorn Vale								da vanilla, dataset TBC
tailoring	300	Bottomless Bag	18455	14510	vanilla	worldDrop							true			da vanilla, dataset TBC
tailoring	300	Core Felcloth Bag	26087	21371	vanilla	drop		Molten Core								da vanilla, dataset TBC
tailoring	300	Flarecore Gloves	20849	17018	vanilla	vendor	Lokhtos Darkbargainer	Blackrock Depths								da vanilla, dataset TBC
tailoring	300	Flarecore Leggings	23667	19220	vanilla	vendor	Lokhtos Darkbargainer	Blackrock Depths								da vanilla, dataset TBC
tailoring	300	Flarecore Mantle	20848	17017	vanilla	vendor	Lokhtos Darkbargainer	Blackrock Depths								da vanilla, dataset TBC
tailoring	300	Flarecore Robe	23666	19219	vanilla	vendor	Lokhtos Darkbargainer	Blackrock Depths								da vanilla, dataset TBC
tailoring	300	Flarecore Wraps	22759	18265	vanilla	drop		Molten Core								da vanilla, dataset TBC
tailoring	300	Gaea's Embrace	28210	22683	vanilla	vendor	Mishta	Silithus								da vanilla, dataset TBC
tailoring	300	Leather-Reinforced Runecloth Bag	461727	228121	sod											
tailoring	300	Sylvan Crown	28481	22773	vanilla	vendor	Mishta	Silithus								da vanilla, dataset TBC
tailoring	300	Sylvan Shoulders	28482	22772	vanilla	vendor	Mishta	Silithus								da vanilla, dataset TBC
tailoring	300	Sylvan Vest	28480	22774	vanilla	vendor	Mishta	Silithus								da vanilla, dataset TBC
tailoring		Azure Silk Belt	8766		vanilla	trainer										da vanilla, dataset TBC
tailoring		Azure Silk Hood	8760		vanilla	trainer										da vanilla, dataset TBC
tailoring		Azure Silk Pants	8758		vanilla	trainer										da vanilla, dataset TBC
tailoring		Azure Silk Vest	3859		vanilla	trainer										da vanilla, dataset TBC
tailoring		Barbaric Linen Vest	2395		vanilla	trainer										da vanilla, dataset TBC
tailoring		Black Mageweave Boots	12073		vanilla	trainer										da vanilla, dataset TBC
tailoring		Black Mageweave Gloves	12053		vanilla	trainer										da vanilla, dataset TBC
tailoring		Black Mageweave Headband	12072		vanilla	trainer										da vanilla, dataset TBC
tailoring		Black Mageweave Leggings	12049		vanilla	trainer										da vanilla, dataset TBC
tailoring		Black Mageweave Robe	12050		vanilla	trainer										da vanilla, dataset TBC
tailoring		Black Mageweave Shoulders	12074		vanilla	trainer										da vanilla, dataset TBC
tailoring		Black Mageweave Vest	12048		vanilla	trainer										da vanilla, dataset TBC
tailoring		Blue Linen Shirt	2394		vanilla	trainer										da vanilla, dataset TBC
tailoring		Bolt of Linen Cloth	2963		vanilla	trainer										da vanilla, dataset TBC
tailoring		Bolt of Mageweave	3865		vanilla	trainer										da vanilla, dataset TBC
tailoring		Bolt of Runecloth	18401		vanilla	trainer										da vanilla, dataset TBC
tailoring		Bolt of Silk Cloth	3839		vanilla	trainer										da vanilla, dataset TBC
tailoring		Bolt of Woolen Cloth	2964		vanilla	trainer										da vanilla, dataset TBC
tailoring		Boots of Darkness	8778	7093	vanilla											
tailoring		Brown Linen Pants	3914		vanilla	trainer										da vanilla, dataset TBC
tailoring		Brown Linen Robe	7623		vanilla	trainer										da vanilla, dataset TBC
tailoring		Brown Linen Shirt	3915		vanilla	trainer										da vanilla, dataset TBC
tailoring		Brown Linen Vest	2385		vanilla	trainer										da vanilla, dataset TBC
tailoring		Cindercloth Boots	12088		vanilla	trainer										da vanilla, dataset TBC
tailoring		Cindercloth Robe	12069		vanilla	trainer										da vanilla, dataset TBC
tailoring		Crimson Silk Belt	8772		vanilla	trainer										da vanilla, dataset TBC
tailoring		Crimson Silk Gloves	8804		vanilla	trainer										da vanilla, dataset TBC
tailoring		Crimson Silk Pantaloons	8799		vanilla	trainer										da vanilla, dataset TBC
tailoring		Crimson Silk Vest	8791		vanilla	trainer										da vanilla, dataset TBC
tailoring		Double-stitched Woolen Shoulders	3848		vanilla	trainer										da vanilla, dataset TBC
tailoring		Dreamweave Circlet	12092		vanilla	trainer										da vanilla, dataset TBC
tailoring		Dreamweave Gloves	12067		vanilla	trainer										da vanilla, dataset TBC
tailoring		Dreamweave Vest	12070		vanilla	trainer										da vanilla, dataset TBC
tailoring		Earthen Vest	8764		vanilla	trainer										da vanilla, dataset TBC
tailoring		Faction Banner	1229504		sod											
tailoring		Felcloth Bag	26086	21369	vanilla	drop	Jandice Barov	Scholomance							61-61	da vanilla, dataset TBC
tailoring		Formal White Shirt	3871		vanilla	trainer										da vanilla, dataset TBC
tailoring		Glacial Cloak	28208	22685	vanilla	vendor	Master Craftsman Omarion	Naxxramas								da vanilla, dataset TBC
tailoring		Glacial Gloves	28205	22684	vanilla	vendor	Master Craftsman Omarion	Naxxramas								da vanilla, dataset TBC
tailoring		Glacial Vest	28207	22686	vanilla	vendor	Master Craftsman Omarion	Naxxramas								da vanilla, dataset TBC
tailoring		Glacial Wrists	28209	22687	vanilla	vendor	Master Craftsman Omarion	Naxxramas								da vanilla, dataset TBC
tailoring		Gloves of Meditation	3852		vanilla	trainer										da vanilla, dataset TBC
tailoring		Gordok Ogre Suit	22813		vanilla	quest		Dire Maul								da vanilla, dataset TBC
tailoring		Gray Woolen Shirt	2406		vanilla	trainer										da vanilla, dataset TBC
tailoring		Green Linen Bracers	3841		vanilla	trainer										da vanilla, dataset TBC
tailoring		Green Linen Shirt	2396		vanilla	trainer										da vanilla, dataset TBC
tailoring		Green Silken Shoulders	8774		vanilla	trainer										da vanilla, dataset TBC
tailoring		Green Woolen Robe	7636	6273	vanilla											
tailoring		Green Woolen Vest	2399		vanilla	trainer										da vanilla, dataset TBC
tailoring		Handstitched Linen Britches	3842		vanilla	trainer										da vanilla, dataset TBC
tailoring		Heavy Linen Gloves	3840		vanilla	trainer										da vanilla, dataset TBC
tailoring		Heavy Woolen Gloves	3843		vanilla	trainer										da vanilla, dataset TBC
tailoring		Heavy Woolen Pants	3850		vanilla	trainer										da vanilla, dataset TBC
tailoring		Lesser Wizard's Robe	6690		vanilla	trainer										da vanilla, dataset TBC
tailoring		Linen Bag	3755		vanilla	trainer										da vanilla, dataset TBC
tailoring		Linen Belt	8776		vanilla	trainer										da vanilla, dataset TBC
tailoring		Linen Boots	2386		vanilla	trainer										da vanilla, dataset TBC
tailoring		Linen Cloak	2387		vanilla	trainer										da vanilla, dataset TBC
tailoring		Long Silken Cloak	3861		vanilla	trainer										da vanilla, dataset TBC
tailoring		Mageweave Bag	12065		vanilla	trainer										da vanilla, dataset TBC
tailoring		Mooncloth Boots	19435		vanilla	quest		Felwood								da vanilla, dataset TBC
tailoring		Orange Mageweave Shirt	12061		vanilla	trainer										da vanilla, dataset TBC
tailoring		Pearl-clasped Cloak	6521		vanilla	trainer										da vanilla, dataset TBC
tailoring		Red Linen Shirt	2392		vanilla	trainer										da vanilla, dataset TBC
tailoring		Red Mageweave Bag	12079		vanilla	trainer										da vanilla, dataset TBC
tailoring		Red Swashbuckler's Shirt	8489		vanilla	trainer										da vanilla, dataset TBC
tailoring		Reinforced Linen Cape	2397		vanilla	trainer										da vanilla, dataset TBC
tailoring		Robe of Power	8770		vanilla	trainer										da vanilla, dataset TBC
tailoring		Runecloth Belt	18402		vanilla	trainer										da vanilla, dataset TBC
tailoring		Shadoweave Boots	12082		vanilla	trainer	Josephine Lister | Jalane Ayrole	Undercity | Stormwind City			horde | alliance			Master Shadoweave Tailor		da vanilla, dataset TBC
tailoring		Shadoweave Gloves	12071		vanilla	trainer	Josephine Lister | Jalane Ayrole	Undercity | Stormwind City			horde | alliance			Master Shadoweave Tailor		da vanilla, dataset TBC
tailoring		Shadoweave Pants	12052		vanilla	trainer	Josephine Lister | Jalane Ayrole	Undercity | Stormwind City			horde | alliance			Master Shadoweave Tailor		da vanilla, dataset TBC
tailoring		Shadoweave Robe	12055		vanilla	trainer	Josephine Lister | Jalane Ayrole	Undercity | Stormwind City			horde | alliance			Master Shadoweave Tailor		da vanilla, dataset TBC
tailoring		Shadoweave Shoulders	12076		vanilla	trainer	Josephine Lister | Jalane Ayrole	Undercity | Stormwind City			horde | alliance			Master Shadoweave Tailor		da vanilla, dataset TBC
tailoring		Silk Headband	8762		vanilla	trainer										da vanilla, dataset TBC
tailoring		Simple Black Dress	12077		vanilla	trainer										da vanilla, dataset TBC
tailoring		Simple Dress	8465		vanilla	trainer										da vanilla, dataset TBC
tailoring		Simple Kilt	12046		vanilla	trainer										da vanilla, dataset TBC
tailoring		Simple Linen Boots	12045		vanilla	trainer										da vanilla, dataset TBC
tailoring		Simple Linen Pants	12044		vanilla	trainer										da vanilla, dataset TBC
tailoring		Small Silk Pack	3813		vanilla	trainer										da vanilla, dataset TBC
tailoring		Soft-soled Linen Boots	3845		vanilla	trainer										da vanilla, dataset TBC
tailoring		Spidersilk Boots	3855		vanilla	trainer										da vanilla, dataset TBC
tailoring		Stormcloth Boots	12090	10324	vanilla											
tailoring		Stormcloth Gloves	12063	10304	vanilla	vendor	Gorhak	Desolace								foreverchanges, letto da wowhead
tailoring		Stormcloth Headband	12083	10319	vanilla											ignota anche alla community [foreverchanges 2026-09-24]
tailoring		Stormcloth Pants	12062	10303	vanilla											
tailoring		Stormcloth Shoulders	12087	10322	vanilla											
tailoring		Stormcloth Vest	12068	10313	vanilla											
tailoring		Stylish Red Shirt	3866		vanilla	trainer										da vanilla, dataset TBC
tailoring		White Linen Robe	7624		vanilla	trainer										da vanilla, dataset TBC
tailoring		White Linen Shirt	2393		vanilla	trainer										da vanilla, dataset TBC
tailoring		White Swashbuckler's Shirt	8483		vanilla	trainer										da vanilla, dataset TBC
tailoring		White Woolen Dress	8467		vanilla	trainer										da vanilla, dataset TBC
tailoring		Woolen Bag	3757		vanilla	trainer										da vanilla, dataset TBC
tailoring		Woolen Boots	2401		vanilla	trainer										da vanilla, dataset TBC
tailoring		Woolen Cape	2402		vanilla	trainer										da vanilla, dataset TBC
